RowNumber,CustomerId,Surname,CreditScore,Geography,Gender,Age,Tenure,Balance,NumOfProducts,HasCrCard,IsActiveMember,EstimatedSalary,Exited
3.63471E-05,15751120,Loyau,752,France,Female,36,2,119912.46,1,1,0,124354.92,0
0.000140749,15648725,Sinclair,660,France,Male,41,3,0,2,1,1,108665.89,0
0.000495195,15656627,Lin,602,France,Male,34,5,0,2,1,1,77414.45,0
0.000629999,15695932,Yelverton,766,Spain,Male,36,5,78381.13,1,0,1,153831.6,0
0.000676439,15716024,Dennis,660,Spain,Male,42,5,0,2,1,0,115509.59,0
0.000795997,15803457,Hao,750,France,Female,32,5,0,2,1,0,95611.47,0
0.000855361,15635435,White,648,France,Female,54,9,120633.42,1,0,0,5924.38,1
0.0010294,15703117,Findlay,565,France,Female,44,1,0,2,0,1,89602.81,0
0.001111136,15746802,Onio,477,France,Female,30,6,131286.46,1,1,0,194144.45,0
0.001182168,15750803,Jess,693,France,Female,30,6,127992.25,1,1,1,50457.2,0
0.001269639,15789865,Nnaife,620,France,Male,28,9,71902.52,1,0,1,190208.23,0
0.00127439,15580719,Davis,697,France,Female,23,10,0,2,1,1,79734.23,0
0.001284153,15785350,Austin,528,Spain,Male,23,7,104744.89,1,1,0,170262.97,0
0.001309021,15611767,Mai,624,Germany,Female,52,0,133723.43,1,0,0,4859.59,1
0.001627153,15674000,Cattaneo,645,France,Male,44,10,0,2,0,1,166707.22,0
0.001663092,15750569,Iweobiegbunam,684,Germany,Female,46,3,102955.14,2,1,0,154137.33,0
0.001688531,15626040,McDonald,793,Spain,Male,63,0,0,2,0,1,27166.75,0
0.001716025,15689344,Montgomery,615,Spain,Male,42,4,0,3,0,1,120321.09,0
0.001720496,15732235,Kuykendall,662,France,Male,64,0,98848.19,1,0,1,42730.12,0
0.001765305,15699284,Johnson,584,France,Male,49,8,172713.44,1,1,0,113860.81,0
0.002143677,15655464,Combes,640,France,Female,67,3,0,1,0,1,42964.63,0
0.002314145,15609676,Nkemakonam,718,France,Female,35,2,167924.95,1,1,0,43024.64,0
0.002354598,15663410,Piccio,771,Spain,Male,51,5,135506.58,3,1,1,152479.64,1
0.002396869,15795747,Sheppard,787,Spain,Female,39,7,171646.76,1,0,1,100791.36,0
0.00240649,15617078,Ewing,658,France,Female,44,6,148481.09,1,1,0,130529.13,0
0.002472317,15771966,Akobundu,557,France,Male,39,8,146200.01,1,1,0,177944.64,0
0.00254272,15638646,Lucchese,669,France,Female,43,1,160474.59,1,1,1,95963.14,0
0.002573515,15575691,Palerma,689,France,Female,58,5,0,2,0,1,49848.86,0
0.002609256,15661656,Onwumelu,633,France,Male,38,2,91902.56,2,1,1,107673.35,0
0.003077628,15701687,Campbell,664,Spain,Male,44,7,77526.66,3,0,0,57338.56,1
0.003095209,15720050,Barrett,727,France,Female,28,2,110997.76,1,1,0,101433.76,0
0.003185385,15808849,T'ien,702,France,Male,40,7,145536.9,1,0,1,135334.24,0
0.003492231,15666043,Mackey,520,France,Male,33,4,156297.58,2,1,1,166102.61,0
0.003739249,15657829,Fanucci,806,Germany,Male,30,8,168078.83,1,1,0,85028.36,1
0.003739668,15730433,Nakayama,580,Germany,Female,38,1,128218.47,1,1,0,125953.83,1
0.003773971,15575243,Gorbunova,764,France,Female,39,1,129068.54,2,1,1,187905.12,0
0.003937577,15648064,Kennedy,649,France,Male,33,2,0,2,1,0,2010.98,0
0.003969865,15782096,Volkova,616,Spain,Female,36,6,0,1,1,1,12916.32,1
0.003998495,15659366,Shih,807,France,Male,43,1,105799.32,2,1,0,34888.04,1
0.003999414,15742638,Wang,747,France,Female,25,4,0,2,0,1,42039.67,0
0.004075746,15651943,Richards,580,Spain,Female,65,1,0,2,0,1,103182.46,0
0.004083102,15615296,Rice,405,France,Male,39,10,0,1,1,0,160810.85,1
0.004294301,15608109,Greco,710,Germany,Male,58,7,170113,2,0,1,10494.64,0
0.004450269,15783083,Shubin,534,France,Male,27,9,0,2,1,0,161344.13,0
0.004485089,15738042,Goliwe,543,Germany,Male,37,8,140894.06,2,1,1,118059.19,0
0.004878457,15752026,Hammer,691,France,Male,58,3,0,1,0,1,194930.3,1
0.004887981,15699524,Howells,466,France,Female,30,3,0,1,1,0,193984.6,0
0.004971365,15784130,He,850,Germany,Female,30,8,154870.28,1,1,1,54191.38,0
0.005003131,15637993,Pokrovsky,711,France,Male,36,9,137688.71,1,1,1,46884.1,0
0.005038599,15713370,Hunter,657,Spain,Male,36,8,188241.05,2,0,0,183058.51,1
0.005052139,15660155,Lorenzo,792,Spain,Male,36,5,92140.15,1,0,1,67468.67,0
0.005064831,15815443,Lo,527,Spain,Female,46,10,131414.76,1,1,0,54947.51,0
0.005066674,15599081,Watt,507,Germany,Female,46,8,102785.16,1,1,1,70323.68,0
0.005227147,15787168,Y?,819,Spain,Female,28,8,168253.21,1,1,1,102799.14,0
0.0054125,15645815,Mills,615,France,Male,45,5,0,2,1,1,164886.64,0
0.00553053,15712930,Duncan,587,France,Male,42,1,0,1,0,0,123006.91,0
0.005752142,15812594,Ross,791,France,Male,34,7,0,2,1,0,96734.46,0
0.005776976,15720702,Shih,789,France,Male,37,3,0,1,1,0,121883.87,1
0.005815817,15607629,Hollis,679,France,Male,48,8,0,2,1,0,23344.94,0
0.005856581,15727696,Zubareva,592,France,Male,42,1,147249.29,2,1,1,63023.02,0
0.005857786,15766355,Lettiere,550,Germany,Male,49,0,108806.96,3,1,0,61446.92,1
0.006007665,15615096,Costa,492,France,Female,31,7,0,2,1,1,49463.44,0
0.006278844,15623966,Yermakov,578,France,Female,35,2,0,2,0,1,26389.92,0
0.006367807,15585047,Onyemere,715,France,Male,28,7,160376.61,1,0,0,196853.11,0
0.006552374,15610972,Crawford,681,Germany,Female,44,4,91115.76,2,0,0,24208.84,1
0.006677604,15734491,Lombardo,676,Spain,Female,36,4,0,2,1,1,3173.31,0
0.006817636,15592379,Walker,741,Spain,Female,42,9,121056.63,2,1,0,39122.58,0
0.006913096,15735878,Law,850,Germany,Female,47,10,134381.52,1,0,0,26812.89,1
0.006916095,15754443,Fadden,443,France,Female,35,9,108308,1,1,0,129031.19,1
0.006997239,15581102,Baresi,554,France,Female,22,8,0,2,0,1,142670.61,0
0.007053642,15571121,Kodilinyechukwu,670,France,Female,50,8,138340.06,1,0,1,3159.15,0
0.007057865,15686345,McCaffrey,828,Spain,Male,34,9,0,2,1,1,81853.98,0
0.007284017,15684512,Gibson,818,Germany,Female,72,8,135290.42,2,1,1,63729.72,0
0.007376272,15787550,Chao,719,France,Male,69,3,0,2,1,1,58320.06,0
0.007380157,15767231,Sun,757,France,Male,36,7,144852.06,1,0,0,130861.95,0
0.007538368,15801336,Ch'ang,649,Germany,Female,37,8,114737.26,1,1,1,106655.88,1
0.007926067,15725776,Lazar,649,Germany,Male,24,7,101195.23,1,0,0,133091.32,0
0.007932019,15704651,Bishop,514,France,Male,26,1,0,2,0,0,121551.93,0
0.008011937,15682467,Chimezie,725,France,Female,36,1,118851.05,1,1,1,102747.02,0
0.008034404,15793042,Sung,629,France,Male,39,2,129669.32,2,1,0,82774.07,0
0.008209283,15699911,Chapman,461,Spain,Female,35,8,0,1,1,0,132295.95,0
0.008373897,15606915,Genovese,764,France,Male,24,7,98148.61,1,1,0,26843.76,0
0.008425648,15601594,Ifeanacho,698,France,Female,51,6,144237.91,4,1,0,157143.61,1
0.008459149,15767594,Azubuike,533,France,Female,35,8,0,2,1,1,187900.12,0
0.00875492,15672594,Stevenson,597,France,Female,60,0,131778.08,1,0,0,10703.53,1
0.008782959,15644296,Scott,740,France,Female,30,8,105209.54,1,1,0,1852.58,0
0.008914114,15604832,Hsia,633,France,Male,29,7,0,1,1,1,130224.73,0
0.009054896,15585853,McCardle,743,Spain,Male,41,7,0,1,1,0,163736.09,1
0.009146306,15702430,Ignatyeva,548,France,Female,35,10,0,1,1,1,31299.71,0
0.009235628,15627220,Kang,735,Germany,Female,43,9,98807.45,1,0,0,184570.04,1
0.009237861,15650322,Grigoryeva,701,France,Female,34,3,105588.66,1,0,1,74694.41,0
0.009326625,15775203,Chia,824,France,Male,45,3,129209.48,1,0,0,60151.77,0
0.009540991,15734762,Ignatiev,602,France,Female,56,3,115895.22,3,1,0,4176.17,1
0.009775383,15578369,Chiedozie,652,Germany,Female,37,9,145219.3,1,1,0,159132.83,0
0.009955836,15730345,Miah,617,France,Female,35,2,104508.1,1,1,1,147636.46,0
0.010037947,15600110,Endrizzi,506,Germany,Female,41,3,57745.76,1,1,0,4035.46,0
0.01004517,15669491,Cruz,850,France,Female,46,2,157866.77,1,1,1,18986.12,0
0.010056344,15799825,Bentley,583,France,Female,44,8,0,2,1,1,27431.62,0
0.010224615,15646563,Wright,772,France,Female,35,9,0,1,0,1,25448.31,0
0.010224945,15667134,Cisneros,446,France,Male,32,8,0,2,0,0,133292.94,0
0.010512337,15661275,Wynn,532,Germany,Male,52,3,110791.97,1,1,0,148704.77,1
0.010672722,15720529,Schiavone,591,France,Male,29,6,0,2,1,1,108684.65,0
0.010746108,15601589,Baresi,675,France,Female,57,8,0,2,0,1,95463.29,0
0.010806474,15750056,Hyde,702,France,Female,29,6,149218.39,1,1,1,9633.01,0
0.010808016,15607142,Parkin,658,France,Male,32,8,0,1,1,1,80410.68,0
0.01083721,15773338,Endrizzi,739,France,Male,58,2,101579.28,1,1,1,72168.53,0
0.010842161,15763415,Gray,567,Germany,Male,41,0,134378.89,1,1,1,105746.94,0
0.011045473,15617320,Palermo,693,Spain,Female,46,3,151709.33,1,1,0,180736.24,0
0.011282196,15715208,Watkins,804,Germany,Female,33,10,138335.96,1,1,1,80483.76,0
0.011503425,15572182,Onwuamaeze,505,Germany,Female,33,3,106506.77,3,1,0,45445.78,1
0.011574641,15763980,Beneventi,632,Germany,Male,30,1,58668.02,1,1,1,78670.52,0
0.011623795,15591150,Nwebube,570,Spain,Male,34,10,0,2,0,1,183387.12,0
0.011680219,15770968,Leason,741,Germany,Female,19,8,108711.57,2,1,0,24857.25,0
0.011732439,15723658,Voronina,712,Spain,Female,30,6,0,2,1,0,152417.97,0
0.011733887,15748231,Hargreaves,700,Germany,Male,35,4,95853.39,2,1,0,192933.37,0
0.01174574,15621818,Anayolisa,747,Germany,Male,29,7,117726.33,1,1,1,175398.34,0
0.011766901,15722993,Page,700,France,Female,27,6,137963.07,1,0,0,8996.79,0
0.011809216,15569394,Bailey,704,France,Male,24,2,148197.15,2,1,0,182775.08,0
0.011816281,15670702,Smith,618,France,Male,37,2,168178.21,2,0,1,101273.23,0
0.011818536,15732903,Fontenot,673,France,Male,39,7,82255.51,2,1,0,109545.56,0
0.01182365,15739692,Tsui,679,France,Male,42,1,0,2,0,0,71823.15,0
0.011848364,15643908,Turnbull,433,France,Female,49,10,0,1,1,1,87711.61,0
0.01197149,15705301,Parkes,683,France,Male,41,6,95696.52,2,1,1,184366.14,0
0.012014517,15586264,Murray,572,France,Male,43,2,140431.98,1,1,0,26450.57,1
0.012145856,15645463,Udinese,843,France,Female,27,5,0,2,1,1,67494.23,0
0.012498921,15684484,White,543,France,Male,22,8,0,2,0,0,127587.22,0
0.012519061,15697625,Bevan,791,France,Male,37,2,163789.49,2,1,0,75832.53,0
0.012528643,15800514,Kenechukwu,477,Germany,Female,24,2,95675.62,2,0,0,162699.7,1
0.012963509,15589493,Otitodilinna,716,Germany,Male,27,1,122552.34,2,1,0,67611.36,0
0.013080102,15636935,Rischbieth,797,France,Female,29,1,0,2,1,1,132975.39,0
0.013165353,15787699,Burke,650,Germany,Male,34,4,142393.11,1,1,1,11276.48,0
0.013205298,15777045,Price,783,Spain,Female,44,3,81811.71,1,1,0,164213.53,1
0.013262565,15684951,He,542,France,Female,59,2,68892.77,2,1,0,7905.06,1
0.013398405,15763859,Brown,840,France,Female,43,7,0,2,1,0,90908.95,0
0.013490771,15585427,Madueke,528,France,Female,26,10,102073.67,2,0,0,166799.93,0
0.01354051,15643635,Robertson,664,Spain,Male,32,5,133705.74,1,0,0,134455.84,0
0.013612255,15658158,Sullivan,672,Germany,Female,23,10,110741.56,1,1,0,80778.5,0
0.013622302,15807305,Watkins,805,France,Male,39,2,0,1,0,0,166650.32,0
0.013749134,15754301,Bruche,704,France,Male,39,5,0,1,1,0,6416.92,0
0.014120169,15653521,Onuora,850,Germany,Female,40,7,104449.8,1,1,1,747.88,0
0.014141658,15812279,William,634,France,Male,37,5,115345.86,2,0,0,168781.8,0
0.014209289,15706199,White,636,Germany,Male,36,6,96643.32,1,0,0,182059.28,0
0.014396666,15767681,Smalley,470,Spain,Male,34,9,0,2,0,1,89013.67,0
0.014525962,15611644,Onyemauchechukwu,627,France,Male,73,0,146329.73,1,0,1,43615.67,0
0.014908805,15790267,Onuoha,625,France,Female,40,7,141267.67,1,0,1,177397.49,0
0.015079321,15797787,Denisov,614,France,Male,36,1,118311.76,1,1,0,146134.68,0
0.015250295,15674928,Mullah,850,Spain,Male,37,2,0,2,1,0,119969.99,0
0.015302219,15750545,Chidiebere,629,France,Male,44,5,0,4,0,0,117572.59,1
0.015371949,15770039,Kuo,572,Germany,Male,39,4,112290.22,1,1,0,49373.97,1
0.015397095,15584114,Ogbonnaya,678,Germany,Female,43,2,153393.18,2,1,1,193828.27,0
0.015415873,15668104,Kerr,479,Spain,Male,37,6,118433.94,1,0,1,160060.9,0
0.015460746,15671930,H?,717,France,Female,36,5,0,2,1,1,145551.6,0
0.01550404,15792916,Ositadimma,559,Spain,Female,40,7,144470.77,1,1,1,18917.95,0
0.015661853,15758372,Wallace,674,France,Male,18,7,0,2,1,1,55753.12,1
0.01578055,15792720,Martinez,676,France,Male,33,6,171490.78,1,0,0,79099.64,0
0.015837611,15785542,Kornilova,572,Germany,Male,26,4,118287.01,2,0,0,60427.3,0
0.015848935,15744240,Shen,688,Germany,Female,46,0,74458.25,1,0,1,6866.31,0
0.015994251,15762902,Stanley,649,France,Female,42,7,0,2,0,1,22974.01,0
0.016071697,15672756,Mills,716,France,Female,35,8,112808.18,1,0,1,17848.3,0
0.016134774,15600792,Swayne,613,Spain,Male,29,0,0,2,0,1,133897.32,0
0.016264921,15750755,Yobachi,449,Spain,Female,33,8,0,2,0,0,156792.89,0
0.016267935,15684316,Udokamma,532,France,Male,43,9,0,2,0,0,190573.91,1
0.01629216,15708710,Ford,525,Spain,Female,37,0,0,1,0,1,131521.72,0
0.016296299,15807563,Ch'iu,841,France,Female,52,5,0,1,0,0,183239.71,1
0.01632649,15721469,Mach,492,Germany,Male,45,9,170295.04,2,0,0,164741.81,0
0.016412865,15654238,Jen,673,France,Female,40,5,137494.28,1,1,0,81753.92,0
0.016494153,15678497,Lederer,850,Spain,Male,48,2,0,1,1,0,169425.3,1
0.016547296,15796813,Storey,493,France,Male,54,3,167831.88,2,1,0,150159.95,1
0.016761023,15813303,Rearick,513,Spain,Male,88,10,0,2,1,1,52952.24,0
0.0169707,15591747,Rossi,705,France,Male,32,3,0,2,0,0,129576.99,0
0.017185154,15626383,Tang,596,Spain,Male,60,7,121907.97,1,0,1,30314.04,0
0.017421339,15642655,Savage,731,Spain,Male,33,1,0,1,1,0,130726.96,0
0.017494539,15799652,Daigle,763,France,Female,38,0,152582.2,2,0,0,31892.82,0
0.017502927,15623712,Coates,453,Spain,Female,42,5,0,3,1,0,83008.49,1
0.017633568,15757541,Rickard,778,France,Female,33,9,151772.63,2,0,0,180249.94,1
0.017767641,15711181,Clapp,589,France,Female,50,4,0,2,0,1,182076.97,0
0.017809853,15745080,Griffiths,634,France,Male,26,8,0,1,1,0,21760.96,0
0.017911611,15774382,Longo,579,Germany,Male,49,4,169377.31,1,1,1,123535.05,0
0.017981448,15779659,Zetticci,625,France,Female,28,3,0,1,0,0,183646.41,0
0.018017726,15692002,Skelton,538,France,Male,33,6,93791.38,1,1,1,199249.29,0
0.018056779,15584967,Chiganu,596,Spain,Male,57,6,0,2,1,1,72402,0
0.018181338,15650924,Foster,761,Spain,Female,32,4,103515.39,2,1,1,177622.38,0
0.018230051,15739189,Johnson,561,Spain,Female,33,6,0,2,1,0,45261.47,0
0.018369306,15752375,Ojiofor,645,Germany,Male,33,8,149564.61,1,0,0,149913.84,0
0.018537108,15770995,Sinclair,753,Germany,Female,47,1,131160.85,1,1,0,197444.69,0
0.018784761,15630363,Nkemakonam,437,France,Female,39,0,102721.49,1,0,0,22191.82,0
0.018828021,15579996,Iroawuchi,524,Germany,Female,25,7,131402.21,1,0,0,193668.49,0
0.018866848,15596339,French,422,France,Male,54,3,140014.42,1,0,1,86350.97,0
0.01892574,15624667,Wallace,684,France,Male,35,6,135871.5,1,1,1,87219.41,0
0.018962616,15725429,Vincent,623,Germany,Male,33,8,96759.42,1,1,1,174777.98,0
0.019120979,15623314,Tucker,506,Germany,Female,59,3,190353.08,1,1,0,78365.75,0
0.019152176,15624936,Yen,631,France,Male,35,8,129205.49,1,1,1,79146.36,0
0.019176383,15778897,Cartwright,630,France,Female,28,1,0,2,1,1,133267.78,0
0.019192195,15655574,Okeke,698,Germany,Female,40,8,150777.1,1,1,0,114732.62,0
0.01936314,15763874,Ho,635,Spain,Male,46,8,0,2,1,1,60739.16,0
0.019690184,15664547,Black,760,France,Male,37,7,0,1,0,0,32863.24,1
0.019737973,15674148,Milanesi,579,Spain,Male,33,6,0,1,1,0,94993.04,1
0.02010471,15628697,Tung,631,Spain,Male,46,9,160736.63,1,0,1,93503.02,0
0.020231891,15567725,Kodilinyechukwu,689,France,Female,46,7,52016.08,2,1,1,72993.65,0
0.020272599,15680736,Milne,597,Germany,Female,72,6,124978.19,2,1,1,7144.46,0
0.0208845,15707291,Percy,477,Germany,Male,48,8,129250,2,1,1,157937.35,0
0.021101492,15756850,Golovanov,479,France,Male,40,1,0,2,0,0,114996.43,0
0.021201001,15759387,McIntosh,598,Germany,Male,38,1,101487.18,1,1,1,75959.1,1
0.021327762,15587507,Feng,850,France,Male,47,6,0,1,1,0,187391.02,1
0.021408374,15796370,Shah,604,Spain,Male,40,5,155455.43,1,0,1,113581.85,0
0.021541478,15615430,Adams,678,Germany,Male,55,4,129646.91,1,1,1,184125.1,1
0.021656635,15706128,Zhdanov,632,France,Female,21,1,0,2,1,0,84008.66,0
0.021732113,15728523,Rizzo,522,France,Male,41,5,144147.68,1,1,1,14789.9,0
0.02180235,15771154,North,683,France,Female,73,8,137732.23,2,1,1,133210.44,0
0.021818435,15606386,Wang,753,Germany,Female,46,3,111512.75,3,1,0,159576.75,1
0.021822068,15579109,Napolitano,574,Germany,Male,35,5,163856.76,1,1,1,15118.2,0
0.021876881,15706762,Ignatyev,597,France,Female,41,4,145809.53,2,1,1,52319.26,0
0.02198791,15667093,Onio,673,France,Male,37,2,0,1,1,1,13624.02,0
0.022236184,15590683,Donaldson,660,France,Female,31,6,172325.67,1,0,1,45438.38,0
0.022313569,15628893,Power,681,France,Male,29,8,0,1,1,0,66367.33,0
0.02242605,15583067,McMillan,687,France,Female,36,4,97157.96,1,0,1,63185.05,0
0.022615901,15735968,Hsing,605,France,Male,41,10,0,2,0,1,97213.09,0
0.022625284,15790497,Ross,503,Spain,Male,37,6,0,2,0,0,136506.86,0
0.022626645,15731026,Han,683,Germany,Female,39,2,100062.16,2,1,0,109201.43,0
0.022883052,15615032,Peng,624,Spain,Male,46,3,0,2,1,1,62825.03,0
0.022930519,15769272,Clark,510,France,Female,26,6,136214.08,1,0,0,159742.33,0
0.022947254,15799350,Mao,632,France,Male,41,0,106134.46,1,0,1,105570.39,0
0.023012146,15584536,Barber,720,Germany,Male,46,3,97042.6,1,1,1,133516.51,1
0.023012344,15645766,Kosisochukwu,634,Spain,Male,25,9,0,2,1,1,8227.91,0
0.023087832,15660840,Kalinin,723,France,Male,30,3,124119.54,1,1,0,162198.32,0
0.023510124,15627630,Chiagoziem,599,France,Female,41,1,0,2,1,0,96069.82,0
0.023594116,15664523,Colombo,696,Germany,Female,31,8,122021.92,2,1,0,33828.64,0
0.023625471,15728043,Udinese,648,Germany,Female,37,7,138503.51,2,1,0,57215.85,0
0.023835306,15698927,Ritchie,675,France,Male,39,7,0,2,0,1,36267.21,0
0.02388031,15625904,Wang,624,France,Male,26,9,74681.9,2,0,0,31231.35,0
0.023927476,15761149,Teng,673,France,Female,44,8,133444.97,1,0,1,5708.19,0
0.023999952,15589312,Larkin,588,France,Male,30,3,115007.08,1,0,0,176858.5,0
0.024029543,15802758,Chinwendu,594,Germany,Female,23,4,104753.84,2,1,0,56756.52,1
0.0241892,15812324,King,779,France,Male,27,1,0,2,1,1,190623.02,0
0.024641462,15643392,Woods,742,France,Male,31,4,105239.1,1,1,1,19700.24,0
0.024662197,15631159,H?,705,Germany,Male,41,4,72252.64,2,1,1,142514.66,0
0.025013575,15774882,Mazzanti,687,France,Female,35,3,99587.43,1,1,1,1713.1,1
0.025154229,15643671,Chiekwugo,696,Germany,Male,49,5,97036.22,2,1,0,152450.84,1
0.025457788,15783629,Degtyaryov,616,Germany,Female,42,6,117899.95,2,0,0,150266.81,0
0.02545893,15630857,Wu,674,Spain,Female,39,6,0,2,1,1,9574.83,0
0.025526301,15715715,Artyomova,799,Spain,Male,38,2,0,2,1,1,59297.34,0
0.025765584,15620746,Lorenzo,632,France,Male,42,4,126115.6,1,1,0,100998.5,0
0.025873205,15665524,Savage,605,Spain,Male,41,5,103154.66,1,0,0,143203.78,0
0.025886564,15618258,Chizuoke,640,Spain,Male,37,5,158024.38,1,1,0,81298.09,0
0.025903567,15641490,Windsor,850,Germany,Female,25,8,69385.17,2,1,0,87834.24,0
0.026034596,15628144,Soares,635,France,Female,72,4,74812.84,1,0,1,27448.33,0
0.026067731,15585249,Mironova,741,France,Male,42,6,106036.52,1,1,0,194686.78,1
0.026102517,15566251,Ferrari,618,France,Female,37,5,96652.86,1,1,0,98686.4,1
0.026158013,15773779,Jacka,593,Spain,Female,46,2,76597.79,1,1,1,54453.72,0
0.026323385,15715888,Allardyce,591,France,Female,38,2,142289.28,1,0,1,119638.85,0
0.026545036,15572631,Ndubuisi,609,France,Male,25,10,0,1,0,1,109895.16,0
0.026755304,15813850,Christian,720,France,Male,52,7,0,1,1,1,14781.12,0
0.026946497,15581525,Walker,775,Germany,Male,33,3,83501.66,2,1,0,128841.31,0
0.027369705,15654346,Poninski,679,Germany,Male,35,1,130463.55,2,1,1,37341.17,0
0.027653007,15576623,Outlaw,584,France,Male,31,5,0,2,1,0,31474.27,0
0.02783856,15684908,Davidson,540,Germany,Male,64,1,91869.69,1,0,1,95421,0
0.028040745,15641411,Volkova,756,France,Female,23,1,112568.31,1,1,1,113408.11,0
0.028127684,15761506,Russell,615,Spain,Male,19,5,0,2,1,0,159920.92,0
0.028295587,15696859,Oldham,474,France,Male,45,10,0,2,0,0,172175.9,0
0.028335713,15815534,Guidry,505,Spain,Male,37,0,134006.39,1,1,1,93736.69,0
0.02835356,15754072,Dennis,840,Spain,Female,36,6,0,2,1,0,141364.27,0
0.028405712,15620758,Martel,660,Spain,Male,30,4,0,2,1,0,129149.06,0
0.028466212,15699486,Johnson,745,Spain,Male,34,7,132944.53,1,1,1,31802.92,0
0.028471956,15750458,Hawkins,693,France,Female,39,4,0,2,0,1,142331.39,0
0.028887465,15684367,Chigbogu,555,Spain,Male,27,5,0,2,0,0,96398.51,0
0.028958643,15763613,Barlow,581,France,Male,30,1,0,2,1,0,199464.08,0
0.02904194,15642391,Lettiere,621,Germany,Male,51,4,109978.83,1,0,0,177740.58,1
0.02907365,15653306,Ermakova,679,Germany,Female,32,0,88335.05,1,0,0,159584.81,0
0.029074163,15656009,McIntyre,736,France,Female,36,6,0,1,1,0,70496.66,0
0.029132609,15718531,Ukaegbunam,554,France,Female,35,8,0,2,1,1,176779.46,0
0.029245205,15679622,Clayton,602,France,Male,35,8,0,1,1,1,22499.29,0
0.029265291,15670172,Padovesi,622,France,Female,30,4,107879.04,1,0,1,196894.62,0
0.029523915,15641994,Meng,667,Germany,Male,43,1,103018.45,1,1,0,32462.39,1
0.02965049,15571586,Briggs,524,Spain,Male,29,3,159035.45,1,1,0,2705.31,1
0.029680368,15664737,Lei,779,Spain,Female,38,7,0,2,1,1,138542.87,0
0.029741831,15701809,Cavill,749,Spain,Female,28,3,0,1,1,0,3408.7,0
0.029813086,15760873,Lombardo,594,France,Male,50,7,81310.34,1,1,1,183868.01,0
0.030178637,15578515,Osinachi,659,France,Female,38,3,0,2,1,0,158553.1,0
0.030184725,15676433,Allan,707,France,Female,36,6,0,1,0,0,98810.78,0
0.030206085,15669410,Yevdokimova,683,France,Male,30,8,110829.52,2,0,0,24938.84,0
0.030213544,15566660,Cole,670,France,Female,41,10,0,3,1,0,81602.02,0
0.030265722,15584453,Burtch,555,Spain,Male,32,10,0,2,0,1,168605.96,0
0.030282332,15627328,Millar,542,Spain,Female,26,2,0,2,1,1,54869.54,0
0.03028317,15741633,Fuller,566,Spain,Male,32,10,147511.26,1,1,1,159891.03,0
0.030397702,15611544,Ibeamaka,701,Germany,Male,36,7,95448.32,2,1,0,189085.07,0
0.03050977,15736510,Loggia,605,Spain,Female,57,2,0,3,1,0,66652.75,1
0.03057908,15671915,Bowen,649,France,Male,46,5,0,2,1,1,76946.6,0
0.030598865,15791836,Wildman,690,France,Male,29,5,0,2,1,0,108577.97,0
0.030630701,15792668,Hamilton,661,Germany,Male,37,7,109908.06,2,1,0,115037.67,1
0.030679922,15674328,Moreno,670,France,Female,40,3,47364.45,1,1,1,148579.43,1
0.03068707,15618703,White,663,Spain,Female,53,6,150200.23,1,0,1,151317.27,1
0.03077385,15674179,Vorobyova,513,Germany,Male,34,7,60515.13,1,0,0,124571.09,0
0.030812068,15705994,Udinese,712,Spain,Male,27,10,0,1,1,0,94544.88,0
0.03082558,15679024,Udinesi,553,France,Male,32,3,116324.53,1,1,0,77304.49,0
0.03084345,15653404,Aliyev,684,Spain,Female,24,9,79263.9,1,0,1,196574.48,0
0.03092062,15756901,Ch'ang,641,France,Female,26,4,91547.84,2,0,1,28157.34,0
0.030926362,15759805,Pinto,582,France,Female,32,4,0,2,1,0,59668.81,0
0.031181395,15595537,Trout,626,Germany,Male,49,9,171787.84,2,1,0,187192.23,0
0.031257329,15749167,Fisk,753,France,Male,35,3,0,2,1,1,184843.77,0
0.031323169,15685150,Evans,799,Germany,Male,28,7,167658.33,2,1,1,111138.25,0
0.031595033,15715345,Sergeyeva,743,Spain,Male,25,6,0,2,1,0,129740.11,0
0.031690275,15719309,Stephens,670,France,Female,42,1,115961.58,2,0,1,29483.87,0
0.031771996,15613463,Hackett,679,Germany,Female,50,6,132598.38,2,1,1,184017.98,0
0.031863241,15659236,Iadanza,781,Spain,Male,33,3,0,2,1,1,42556.33,0
0.031924308,15742269,Milano,756,France,Female,24,1,0,2,1,0,184182.25,0
0.031979038,15800295,Cruz,644,Germany,Male,34,9,112746.54,2,0,0,141230.07,0
0.032005407,15774744,Lord,664,Germany,Male,33,7,97286.16,2,1,0,143433.33,0
0.03203151,15715297,Yuan,779,Germany,Female,40,2,75470.23,1,1,1,52894.01,0
0.032085201,15639004,Chiemezie,668,France,Male,72,2,0,2,1,1,70783.61,0
0.032126122,15712903,Diaz,499,France,Female,21,3,176511.08,1,1,1,153920.22,0
0.032341452,15607748,Bennett,498,Germany,Male,37,8,108432.88,2,1,1,14865.05,0
0.032607786,15756871,Capon,512,Spain,Male,39,3,0,1,1,0,134878.19,0
0.033039039,15645571,Genovese,596,Spain,Male,32,4,0,2,0,1,146504.35,0
0.033247836,15739054,Y?,654,France,Female,29,4,96974.97,1,0,1,141404.07,0
0.033328388,15799859,Lucchesi,704,France,Male,50,4,165438.26,1,1,0,120770.75,1
0.033361156,15598097,Johnstone,550,France,Male,44,9,0,2,1,0,26257.01,0
0.033510325,15637690,Houghton,622,Germany,Female,34,7,98675.74,1,1,0,138906.85,1
0.03356363,15590234,De Luca,697,France,Female,42,1,0,1,1,0,1262.83,1
0.03362854,15787884,Martin,692,France,Female,30,7,0,2,1,1,18826.34,0
0.033668615,15750407,Hunt,768,Germany,Female,43,2,129264.05,2,0,0,19150.14,0
0.033728815,15624343,Napolitani,650,Spain,Female,50,7,129667.77,1,0,0,42028.16,0
0.033738707,15671934,Veale,552,Germany,Male,39,2,132906.88,1,0,1,149384.43,0
0.033747919,15706232,Niu,595,France,Male,52,9,0,1,1,1,106340.66,1
0.033810675,15768816,Shen,570,Germany,Male,42,0,107856.57,2,1,0,127528.84,0
0.034019169,15778395,McIntyre,762,Germany,Male,34,4,88815.56,2,1,0,68562.26,1
0.034057481,15582168,Muravyova,713,Germany,Female,61,4,149525.34,2,1,0,123663.63,0
0.034070749,15709523,Yao,525,Germany,Female,30,0,157989.21,2,1,1,100687.67,0
0.034128225,15740458,Murphy,703,Spain,Male,36,7,135095.47,1,1,0,143859.66,0
0.03420941,15772618,Tyler,665,France,Male,25,7,90920.75,1,0,1,112256.57,0
0.034342629,15659098,Toscano,669,France,Male,30,7,95128.86,1,0,0,19799.26,0
0.034409572,15711834,Long,650,Spain,Female,30,6,0,1,0,0,67997.13,1
0.034421713,15583668,Ludowici,726,France,Female,42,2,109471.79,1,0,1,175161.05,0
0.034483124,15762573,Bednall,680,Spain,Female,34,7,0,2,1,0,98949.85,0
0.034557755,15805523,Nnaife,717,France,Female,28,1,90537.16,1,0,1,74800.99,0
0.034828301,15732281,Ugoji,680,Germany,Male,34,6,146422.22,1,1,0,67142.97,1
0.034915848,15759133,Vaguine,616,France,Male,18,6,0,2,1,1,27308.58,0
0.03496277,15589805,Benson,563,France,Female,34,6,139810.34,1,1,1,152417.79,0
0.034969016,15624188,Chiu,712,France,Female,33,6,0,2,1,1,190686.16,0
0.035018513,15599289,Yeh,724,France,Female,37,10,68598.56,1,1,0,157862.82,0
0.035083132,15769451,Hayes,764,France,Female,44,1,0,2,1,1,11467.38,0
0.035255559,15781272,Coles,669,France,Male,50,4,149713.61,3,1,1,124872.42,1
0.035261972,15724536,Chin,560,Spain,Female,28,1,0,2,1,1,120880.72,0
0.035302025,15776229,MacPherson,682,France,Male,44,3,115282.3,1,0,0,23766.4,0
0.035306338,15627995,Angelo,756,Germany,Female,26,5,155143.52,1,0,1,135034.57,1
0.035369093,15605827,Khan,645,France,Male,39,8,0,2,0,0,96864.36,0
0.035794219,15690620,Olisaemeka,665,France,Male,39,10,46323.57,1,1,0,136812.02,0
0.035808222,15672152,Grant,850,Germany,Male,37,9,122506.38,1,0,1,199693.84,1
0.03582752,15590228,Greenwalt,715,France,Male,21,6,76467.16,1,1,1,173511.72,0
0.035906226,15778368,Allan,552,Germany,Male,50,4,121175.56,1,1,0,117505.07,1
0.035925018,15758362,Williamson,731,France,Female,41,9,152243.57,1,1,1,88783.59,0
0.036036133,15635972,Lloyd,484,Spain,Male,36,8,0,2,1,0,186136.48,0
0.036083943,15661162,Akabueze,526,Spain,Male,49,2,0,1,1,0,114539.67,1
0.036105131,15721937,Romilly,686,France,Male,38,0,138131.34,1,0,1,115927.85,0
0.03628473,15672397,Smith,598,France,Male,38,0,125487.89,1,0,0,158111.71,0
0.036343881,15719649,Lambie,553,France,Male,38,3,99844.68,1,0,0,187915.7,0
0.036414304,15712568,Angelo,515,Spain,Male,40,10,121355.99,1,1,0,138360.29,0
0.036425606,15786199,Hsing,535,France,Male,33,2,133040.32,1,1,1,110299.78,0
0.036702929,15659949,Chiu,850,France,Male,31,1,96399.31,2,1,0,106534.15,0
0.036714808,15678572,Keating,529,Spain,Male,38,7,99842.5,2,1,0,90256.06,1
0.036825342,15805303,Olisanugo,661,Germany,Male,44,1,141136.62,1,1,0,189742.78,1
0.036890814,15699753,Zakharov,590,France,Male,41,1,89086.31,1,1,0,24499.97,0
0.036953857,15651352,Tobenna,529,France,Female,38,2,0,1,1,0,146388.85,1
0.037159395,15641389,Shen,659,Germany,Male,48,4,123593.22,2,1,0,82469.06,1
0.037256318,15657228,Anderson,545,Germany,Male,37,9,95829.13,2,0,1,104936.88,0
0.037333474,15668575,Hao,626,Spain,Female,26,8,148610.41,3,0,1,104502.02,1
0.037541961,15800736,Kirwan,601,Spain,Female,42,4,96763.89,1,1,1,199242.65,0
0.037618369,15684696,Lei,560,Spain,Female,26,3,116576.45,1,1,0,157567.37,0
0.037789849,15750141,Reichard,721,Germany,Female,36,3,65253.07,2,1,0,28737.78,0
0.037932861,15579207,Watkins,545,France,Male,37,3,91184.01,1,1,0,105476.65,0
0.037937757,15727490,Scott,661,France,Male,47,5,0,1,0,1,107243.31,1
0.037943347,15645600,Obidimkpa,739,Spain,Female,27,8,98926.4,1,1,1,106969.98,0
0.038178859,15656417,Marsh,582,France,Female,39,1,132077.48,2,1,0,192255.15,0
0.038230345,15689598,Dean,722,France,Male,46,6,0,1,1,1,93917.68,1
0.038546018,15585133,Wei,657,Spain,Female,27,8,0,2,0,0,6468.24,0
0.03882714,15607275,Ch'ang,850,Spain,Male,39,6,206014.94,2,0,1,42774.84,1
0.038861079,15724955,Lucchesi,537,France,Male,38,3,0,2,0,0,141023.01,0
0.038898206,15657107,Angelo,563,Spain,Female,46,8,106171.68,1,1,0,163145.5,1
0.039008638,15576352,Revell,586,Spain,Female,57,3,0,2,0,1,6057.81,0
0.039079325,15800814,Palerma,534,France,Male,35,2,81951.74,2,1,0,115668.53,0
0.039453139,15595162,Cattaneo,708,Spain,Female,35,8,122570.69,1,0,0,199005.88,0
0.039543379,15609643,Furneaux,752,Germany,Male,32,9,115587.49,2,0,1,101677.46,0
0.039600107,15725818,Chibuzo,583,Germany,Male,40,4,107041.3,1,1,1,5635.63,0
0.039676787,15692443,Piccio,612,Spain,Male,33,5,69478.57,1,1,0,8973.67,1
0.039699172,15804721,Boni,602,France,Male,49,0,191808.73,1,0,0,97640.2,0
0.039939196,15593736,Cook,598,Germany,Female,46,7,131769.04,1,0,0,184980.23,1
0.040090954,15622003,Carslaw,745,France,Male,35,9,92566.53,2,1,0,161519.77,0
0.040235586,15643679,Goliwe,784,Germany,Male,28,2,70233.74,2,1,1,179252.73,0
0.040338183,15601172,Nelson,672,France,Male,31,6,91125.75,1,1,0,177295.92,0
0.040590037,15727421,Anayolisa,586,France,Female,38,6,0,2,1,1,37935.83,0
0.040724855,15604732,Milani,483,France,Female,30,9,0,2,0,0,136356.97,0
0.040775613,15801169,Yegorova,764,Germany,Female,39,9,138341.51,1,1,0,50072.94,1
0.040860344,15577402,Grant,593,France,Male,31,9,0,2,0,1,20492.16,0
0.040881975,15740072,Padovesi,720,France,Female,37,2,120328.88,2,1,1,138470.21,0
0.040974552,15721433,Hixson,664,France,Female,38,4,74306.19,2,1,0,154395.56,0
0.041009001,15766017,Brookman,615,Germany,Male,58,3,72309.3,1,1,1,85687.09,1
0.041141737,15712121,Chidimma,657,Spain,Male,34,5,154983.98,1,1,0,27738.01,0
0.041194094,15733616,Sopuluchukwu,806,France,Male,40,5,80613.93,1,1,1,142838.64,0
0.041196711,15742238,Dellucci,705,Germany,Male,35,4,136496.12,2,1,0,116672.02,0
0.041295898,15797010,Shen,649,France,Female,31,2,0,2,1,0,15200.61,0
0.041400274,15779492,Trevisano,796,Spain,Male,56,6,94231.13,1,0,0,121164.6,1
0.041412593,15808971,Lajoie,693,Spain,Female,57,9,0,2,1,1,135502.77,0
0.041472784,15763806,Astorga,773,France,Male,41,4,0,2,1,1,24924.92,0
0.041545947,15694192,Nwankwo,598,Spain,Female,38,6,0,2,0,0,173783.38,0
0.041627596,15811613,Voss,588,France,Female,27,8,0,1,1,0,20066.38,0
0.041668324,15815615,Kung,681,France,Male,36,5,141952.07,1,1,1,185144.08,0
0.041799454,15799932,Iweobiegbunam,812,France,Male,24,10,0,2,1,1,156906.15,0
0.041931161,15600997,Demuth,747,Germany,Female,32,5,67495.04,2,0,1,77370.37,0
0.041984579,15715414,White,658,France,Female,38,6,102895.1,1,0,0,155665.76,0
0.041988655,15734610,Onio,543,France,Male,42,4,89838.71,3,1,0,85983.54,1
0.042161646,15757865,Powell,642,France,Male,62,7,0,2,1,1,61120.75,0
0.042224391,15767864,Fulton,628,France,Male,33,6,0,2,0,0,184230.23,0
0.04223397,15658946,Piccio,579,Germany,Male,40,10,45408.85,2,1,0,18732.91,0
0.042274264,15642160,Milanesi,850,France,Male,38,5,0,2,1,0,16491.64,0
0.0423781,15677136,Okwukwe,624,France,Female,23,5,0,2,0,0,132418.59,0
0.042843346,15647965,Genovese,477,France,Female,57,9,114023.64,2,1,1,71167.17,1
0.042882319,15657603,Finch,850,France,Female,35,6,81684.97,1,1,0,824,0
0.042949696,15670859,Smith,718,Germany,Female,39,7,93148.74,2,1,1,190746.38,0
0.043015657,15589076,Henry,737,France,Male,36,9,0,1,0,1,188670.9,1
0.043074722,15628123,Robinson,632,France,Female,28,5,118890.81,1,0,1,145157.97,0
0.043271794,15795370,Mazure,648,Germany,Male,37,6,131753.41,1,1,0,86894.67,0
0.04334581,15757588,Wright,526,France,Male,30,9,0,2,0,0,100995.68,0
0.043561844,15749093,Tretyakova,801,France,Male,43,4,158713.08,2,0,0,98586.14,0
0.043640104,15717191,Ferri,508,France,Male,49,1,93817.41,2,1,1,132468.76,1
0.043765419,15752601,McCulloch,578,France,Female,40,7,0,2,0,0,102233.73,0
0.043789526,15745624,McKenzie,828,France,Male,37,4,0,2,1,0,94845.45,0
0.044029454,15726153,Fanucci,622,France,Male,31,5,106260.67,1,1,1,2578.43,0
0.044033519,15766810,Onyemauchechi,699,Germany,Female,51,2,92246.14,2,0,1,91346.03,0
0.044220184,15642824,Onyekaozulu,826,Spain,Female,56,8,174506.1,2,0,1,161802.82,1
0.04434544,15629744,Tan,804,France,Female,71,8,0,2,0,1,147995.96,0
0.044385663,15702561,Dale,782,France,Male,32,9,0,1,1,1,87566.97,0
0.04439137,15566030,Tu,497,Germany,Male,41,5,80542.81,1,0,0,88729.22,1
0.044527795,15797686,Howard,558,France,Male,38,8,113000.92,1,1,1,152872.39,0
0.044599603,15584320,Brennan,686,France,Female,39,3,111695.62,1,0,0,136643.84,0
0.04475493,15578546,Akobundu,491,Germany,Male,26,4,102251.14,1,1,1,145900.89,0
0.044799487,15669987,Sung,728,Germany,Female,35,8,125884.95,2,1,0,54359.02,1
0.044903089,15717065,Balashov,686,France,Female,35,8,105419.73,1,1,0,35356.46,0
0.04510742,15633834,Milne,700,Germany,Female,28,3,99705.69,2,0,0,146723.72,0
0.045159351,15765287,Grant,850,France,Female,38,2,0,2,1,0,9015.07,0
0.045252656,15612139,Fu,786,France,Female,33,0,83036.05,1,0,1,154990.58,1
0.045261926,15624866,Brewer,658,Germany,Male,37,3,168735.74,2,0,0,70370.24,0
0.045363441,15701318,Poole,763,Spain,Male,67,9,148564.66,1,0,1,87236.4,0
0.045400304,15645248,Ho,510,France,Female,30,0,0,2,1,1,130553.47,0
0.045411833,15700964,Pollard,624,Germany,Female,27,7,104848.68,1,1,1,167387.36,0
0.045480956,15706464,White,667,Spain,Male,35,4,97585.32,2,0,0,57213.46,0
0.045503419,15600974,He,516,Spain,Male,50,5,0,1,0,1,146145.93,1
0.046017519,15681991,Walsh,542,France,Male,32,7,107871.72,1,1,0,125302.64,0
0.046066571,15649124,Fang,850,France,Male,30,9,121535.18,1,0,0,40313.47,0
0.046085708,15581237,Biryukova,573,Spain,Male,33,1,160777.9,1,1,1,149536.15,0
0.046102283,15570681,Chiang,560,France,Male,24,1,116084.32,1,1,0,89734.7,0
0.046300324,15574142,Chuang,458,Germany,Female,28,2,171932.26,2,1,1,9578.24,0
0.046414795,15665811,Parry,644,France,Male,33,9,141234.98,1,1,0,95673.05,0
0.046464263,15592877,Wright,641,Spain,Male,42,9,132657.55,1,1,0,35367.19,0
0.046472783,15614893,Meng,689,Spain,Male,38,2,0,1,1,1,82709.8,0
0.046493008,15729083,Gorman,674,France,Male,36,2,154525.7,1,0,1,27468.72,0
0.046549918,15569452,Butler,652,Germany,Female,58,3,116353.2,2,0,1,193502.9,0
0.046557585,15713621,Mollison,687,Germany,Male,41,10,134318.21,2,1,1,198064.52,0
0.046852424,15764293,Konovalova,490,France,Male,33,1,0,2,1,1,80792.83,0
0.046923083,15809100,Nucci,548,France,Female,32,2,172448.77,1,1,0,188083.77,1
0.047111702,15611058,Eluemuno,702,Germany,Female,60,5,138597.54,2,1,1,41536.59,1
0.04722834,15720929,Kazantseva,604,France,Female,47,8,62094.71,3,0,0,9308.1,1
0.047237801,15736112,Walton,519,Spain,Female,57,2,119035.35,2,1,1,29871.79,0
0.047387874,15807008,McGregor,614,Germany,Female,35,6,128100.28,1,0,0,69454.24,1
0.047474747,15754168,McIntosh,506,France,Female,40,3,0,1,1,1,144345.58,0
0.047504376,15700300,Okoli,674,Germany,Female,44,4,131593.85,1,0,1,171345.02,1
0.047505062,15652835,Liang,419,Spain,Female,27,2,121580.42,1,0,1,134720.51,0
0.047538713,15785352,Chang,606,France,Male,37,6,82373.94,1,0,0,172526.9,1
0.047549258,15789339,Yen,681,France,Male,59,4,122781.51,1,0,1,140166.95,0
0.047622415,15797905,Walker,682,France,Female,48,7,0,2,1,0,65069.03,0
0.047902981,15627699,Pirogova,558,France,Male,32,10,105000.23,1,1,0,190019.61,0
0.048078721,15726720,Blinova,480,France,Female,40,7,0,1,1,0,170332.67,1
0.048090662,15713505,Harriman,554,France,Male,31,1,0,2,0,1,192660.55,0
0.048179119,15713843,Kao,850,Spain,Male,30,2,0,2,0,1,27937.12,0
0.048407367,15773512,Bischof,627,Spain,Female,25,4,0,1,1,1,194313.93,0
0.048407646,15586504,Trevisani,694,France,Male,40,9,0,2,1,0,40463.03,0
0.04844428,15768451,MacDonald,739,Germany,Male,40,5,149131.03,3,1,1,60036.99,1
0.048479153,15606232,Holloway,621,Spain,Female,36,7,116338.68,1,1,1,155743.48,0
0.048484146,15767908,Nicholson,567,France,Male,38,6,127678.8,2,0,0,45422.89,0
0.048547189,15736533,Monaldo,730,Germany,Female,37,5,124053.03,1,1,0,118591.67,0
0.048651603,15711789,Davey,768,Spain,Female,42,3,0,1,0,0,161242.99,1
0.048784481,15670345,Mazzi,785,Germany,Female,33,6,127211.45,1,0,0,191961.83,0
0.048907511,15672610,Somadina,567,Spain,Male,40,4,118628.8,1,0,0,91973.63,0
0.048962943,15648455,Kung,647,Germany,Male,51,4,131156.76,1,1,0,29883.63,0
0.048982858,15808674,Ejikemeifeuwa,616,Germany,Female,45,6,128352.59,3,1,1,144000.59,1
0.049000732,15610042,Brown,574,France,Male,33,8,100267.03,1,1,0,103006.27,0
0.049018542,15619626,Wade,746,France,Male,24,3,137492.35,2,0,1,170142.09,0
0.049112699,15624068,Fu,779,France,Female,26,0,0,2,0,1,111906,0
0.04917879,15766137,Muir,497,France,Male,34,2,0,2,1,1,83087.13,0
0.049313982,15694581,Rawlings,807,Spain,Male,42,5,0,2,1,1,74900.9,0
0.049364773,15692430,Milano,699,Germany,Male,36,2,123601.56,2,1,0,103557.85,0
0.049422352,15783859,Boni,733,France,Female,24,3,161884.99,1,1,1,9617.24,0
0.049437347,15751524,Chigozie,677,Germany,Female,36,10,68806.84,1,1,0,33075.24,0
0.04948814,15766609,Jowers,655,France,Female,47,10,0,2,1,0,167778.62,0
0.049603164,15781987,Akhtar,641,France,Male,31,9,112494.99,1,1,1,32231.6,0
0.049641626,15715465,Aksenova,714,Germany,Male,28,7,77776.39,1,1,0,177737.07,0
0.049652031,15621685,Davies,769,France,Male,29,2,123757.52,2,1,0,84872.66,0
0.049691252,15763111,Niu,808,Spain,Female,67,10,124577.15,1,0,1,169894.4,0
0.049704715,15747542,Perez,605,France,Male,52,7,0,2,1,1,173952.5,0
0.049876727,15813645,Hamilton,491,France,Female,36,0,53369.13,1,1,1,103934.12,0
0.049940185,15568044,Butusov,508,France,Female,31,7,0,2,1,1,6123.15,0
0.049993323,15737735,Grant,683,Spain,Male,40,4,95053.1,1,1,1,116816.54,1
0.050072452,15631871,Kelly,616,Germany,Female,57,7,116936.81,1,1,1,104379.36,0
0.050108993,15649536,Wong,741,Germany,Male,38,4,128015.83,1,1,0,58440.43,0
0.050156728,15567422,Chiazagomekpele,630,France,Male,42,6,0,2,1,0,162697.93,0
0.050162568,15803378,Small,850,Spain,Male,44,8,0,2,1,1,183617.32,0
0.050199307,15591091,Goering,644,France,Male,44,5,73348.56,1,1,0,157166.79,1
0.050393336,15593345,Bradbury,502,Germany,Female,33,6,125241.17,2,1,1,158736.07,0
0.050422753,15584364,Trentini,652,France,Male,48,4,59486.31,1,1,0,163944.18,1
0.050462281,15774872,Joslin,663,France,Male,36,10,0,2,1,0,136349.55,0
0.050548728,15809772,Glover,667,France,Male,48,2,0,1,1,0,43229.2,0
0.050601204,15631912,T'ao,840,France,Male,30,8,136291.71,1,1,0,54113.38,0
0.050673894,15736146,Afamefula,608,Germany,Male,28,4,96679.71,1,1,1,49133.45,0
0.050709983,15782806,Watson,718,Spain,Male,28,6,0,2,1,0,146875.86,0
0.050729857,15580912,McNeill,748,France,Male,32,5,154737.88,2,1,1,172638.13,0
0.050838147,15683977,Owens,687,Spain,Female,72,4,0,2,1,1,50267.69,0
0.050942457,15664001,Riddle,695,Germany,Female,53,8,95231.91,1,0,0,70140.8,1
0.051191315,15701946,Ndubueze,715,France,Male,34,4,124314.45,1,0,0,97782.92,0
0.051614962,15639669,Forbes,746,France,Male,36,9,127157.04,1,1,1,155700.15,0
0.051743187,15803685,Greco,673,Germany,Female,77,10,76510.52,2,0,1,59595.66,0
0.051762638,15800515,Singh,516,France,Male,35,5,128653.59,1,1,0,127558.26,0
0.051763088,15635367,Muir,774,France,Male,26,2,93844.69,1,1,0,28415.36,0
0.051906551,15765520,Stevenson,769,Germany,Male,27,7,188614.07,1,1,0,171344.09,0
0.052007978,15720284,Crawford,607,Germany,Female,37,4,135927.06,1,0,0,180890.4,0
0.052091349,15787655,Chu,707,France,Male,47,3,0,2,1,0,174303.29,0
0.052104949,15666675,Hsieh,753,France,Female,39,7,155062.8,1,1,1,16460.77,0
0.052130058,15576945,Clements,582,France,Male,29,0,0,1,1,0,142516.35,0
0.052209049,15777616,Pisani,605,Germany,Male,28,10,113690.83,1,1,0,33114.24,0
0.052258757,15737971,Cowen,646,France,Female,30,5,0,2,1,0,13935.32,0
0.052330554,15691952,Fanucci,676,France,Male,37,10,106242.67,1,1,1,166678.28,0
0.052478641,15697678,Maxwell,590,Germany,Male,36,6,92340.69,2,1,1,174667.58,0
0.052605338,15643215,Jen,602,Germany,Male,38,2,71667.97,2,0,0,137111.89,0
0.0526968,15641662,Enticknap,470,Germany,Male,39,5,117469.91,2,0,0,63705.9,0
0.052732788,15724161,Sutton,644,France,Female,40,9,137285.26,4,1,0,77063.63,1
0.052786826,15788480,Pagnotto,786,Germany,Female,33,0,122325.58,1,0,0,34712.34,1
0.05291624,15585907,Collier,676,Spain,Female,30,5,0,2,0,0,179066.58,0
0.052952878,15653547,Madukwe,850,France,Male,56,7,131317.48,1,1,1,119175.45,0
0.053062348,15572361,Chill,790,Germany,Female,34,2,164011.48,1,1,0,199420.41,0
0.053290482,15622017,Bruno,773,Spain,Female,33,10,0,1,1,1,98820.09,0
0.053314463,15706904,Robertson,750,France,Male,43,6,113882.31,1,1,1,74564.41,0
0.053398842,15745543,Hughes,687,France,Male,39,7,0,2,1,0,26848.25,0
0.053429389,15784687,Simmons,592,France,Male,36,1,126477.42,1,0,0,179718.17,0
0.053468974,15727857,Flynn,635,Spain,Male,41,1,0,2,1,0,175611.5,0
0.053541101,15797081,Ajuluchukwu,611,Germany,Female,49,9,115488.52,2,1,1,138656.81,1
0.053656081,15609928,Johnston,850,Germany,Male,43,5,129305.09,2,0,1,19244.58,0
0.053700747,15611756,Chapman,537,Germany,Female,47,4,124192.28,2,1,1,50881.51,0
0.053700932,15662488,Udegbunam,627,France,Female,44,5,0,2,1,0,82969.61,1
0.053945356,15575510,Milanesi,659,France,Female,32,2,155584.21,1,0,1,153662.88,0
0.054000781,15764431,Chinwenma,671,Spain,Female,34,5,130929.02,4,1,1,28238.25,1
0.054018532,15609475,Ricci,604,Spain,Female,39,7,98544.11,1,1,1,52327.57,0
0.054073547,15731543,Becker,679,Spain,Male,58,9,109327.65,1,1,1,3829.13,0
0.054122982,15572428,Rieke,717,Germany,Female,33,0,115777.23,1,1,1,81508.1,0
0.05444668,15636444,Craig,535,Germany,Female,53,5,141616.55,2,1,1,75888.65,0
0.054531407,15758031,Lazarev,760,Spain,Male,38,3,91241.85,1,0,1,80682.35,0
0.054565219,15620276,Palermo,539,Spain,Male,36,6,0,3,1,1,118959.64,0
0.054587389,15727317,Brady,533,Germany,Female,49,1,102286.6,3,1,0,69409.37,1
0.05484516,15631457,Asher,639,France,Male,37,5,98186.7,1,0,1,173386.95,0
0.05496367,15588456,Hsieh,658,France,Female,40,5,143566.12,1,1,1,189607.71,0
0.055009353,15716328,Miller,501,France,Female,40,2,0,2,0,0,141946.92,0
0.055169953,15727299,Edgar,445,Spain,Male,62,1,64119.38,1,1,1,76569.64,1
0.055232669,15647111,White,794,Spain,Female,22,4,114440.24,1,1,1,107753.07,0
0.055274406,15567486,Li,634,Spain,Female,41,4,0,2,1,1,164549.74,0
0.055392427,15663808,Ifesinachi,666,Germany,Female,59,8,152614.51,2,1,1,188782.3,0
0.055506902,15583049,Wallace,643,Germany,Female,34,7,160426.07,1,0,1,188533.11,0
0.05568334,15686588,Manfrin,777,France,Female,28,2,134571.5,1,0,1,118313.38,0
0.055709268,15722758,Allan,585,France,Male,40,7,0,2,0,0,146156.98,0
0.055992167,15722212,Edmondstone,696,France,Female,41,8,0,2,0,0,28276.83,0
0.056040814,15632967,Feng,520,France,Male,34,3,0,2,1,1,104703.96,0
0.056044419,15722845,Meldrum,665,Spain,Male,29,1,182781.74,2,1,1,63732.9,0
0.056081458,15729718,Stelzer,610,France,Male,41,6,0,3,0,0,56118.81,1
0.056170854,15648989,Moss,850,France,Male,37,4,126872.6,1,1,0,197266.58,0
0.056204756,15800251,Elder,583,Germany,Female,26,10,72835.56,2,1,0,96792.15,0
0.056226932,15646942,Meng,786,Spain,Female,39,7,0,2,0,0,100929.59,0
0.056396733,15763515,Shih,513,France,Male,30,5,0,2,1,0,162523.66,0
0.056478599,15744689,T'ang,479,Germany,Male,35,9,92833.89,1,1,0,99449.86,1
0.056620687,15613189,Browne,774,France,Female,52,2,56580.93,1,1,0,113266.28,1
0.05672939,15654379,Onwuatuegwu,588,Spain,Male,59,4,0,2,1,1,27435.41,0
0.056730463,15722473,Faulkner,713,France,Male,41,3,0,2,1,0,55772.04,0
0.056741244,15748597,Chester,844,Spain,Male,56,5,99529.7,1,0,1,157230.06,1
0.056781217,15616676,Donnelly,632,Germany,Male,23,3,122478.51,1,1,0,147230.77,1
0.05696898,15812241,Udinese,438,Germany,Male,59,7,127197.14,1,1,0,51565.98,1
0.057018967,15571917,Eluemuno,771,Germany,Female,38,5,137657.71,2,1,0,72985.61,0
0.05707701,15721569,Chialuka,658,Germany,Female,55,8,119327.93,1,0,1,119439.66,0
0.057089799,15715184,Capon,752,Spain,Female,31,4,144637.86,2,1,0,40496.72,0
0.057116734,15644692,Bibb,546,France,Female,47,8,0,1,1,1,66408.01,1
0.057255246,15729574,Lu,616,Spain,Male,71,4,0,2,1,1,173599.38,0
0.057288878,15728006,Endrizzi,524,France,Male,40,2,180516.9,1,1,0,180002.42,0
0.057290012,15637979,Fuller,664,Germany,Female,36,2,127160.78,2,1,0,78140.75,0
0.057505079,15692991,Wood,710,Spain,Female,38,4,0,2,1,1,136390.88,0
0.057746647,15682585,Guerra,593,France,Male,35,9,114193.24,1,1,0,71154.1,0
0.057754612,15776156,Dolgorukova,521,France,Male,27,4,121325.84,1,1,1,164223.7,1
0.05779826,15622217,Tu,538,France,Female,38,8,88758.95,2,0,0,28226.15,1
0.057957295,15812272,Ugonna,693,Germany,Male,44,5,124601.58,2,1,1,46998.13,1
0.058226848,15611287,Chiu,777,France,Female,30,4,0,2,0,1,115611.97,0
0.05828334,15605698,Harrison,746,France,Male,58,3,0,3,1,1,80344.96,1
0.058286468,15639278,Chinomso,580,Germany,Female,36,6,145387.32,2,1,1,169963.2,1
0.05851791,15631054,Volkova,625,France,Female,24,1,0,2,1,1,180969.55,0
0.058746866,15754267,Fleming,697,Germany,Male,31,3,108805.42,2,0,1,123825.83,0
0.05880313,15702541,Fraser,551,France,Female,59,2,166968.28,1,1,0,159483.76,1
0.058840374,15684196,Aitken,627,France,Female,55,2,159441.27,1,1,0,100686.11,1
0.058941426,15773852,Hayes,533,Germany,Male,38,4,70362.52,2,1,1,104189.46,0
0.058962108,15606177,Crawford,672,France,Male,39,2,0,2,1,0,87372.49,0
0.058962714,15743016,MacDonald,602,Spain,Female,22,7,141604.76,1,1,0,30379.6,0
0.058999002,15581323,White,488,Germany,Female,28,7,139246.22,2,1,0,106799.49,0
0.059069273,15675328,Knight,449,France,Female,37,6,0,2,1,0,82176.48,0
0.059106962,15571873,Sung,655,France,Male,24,9,107065.31,1,1,1,51959.82,0
0.059203971,15587177,Lloyd,646,France,Male,36,6,124445.52,1,1,0,88481.32,0
0.059439588,15648362,Kennedy,728,Germany,Male,45,3,108924.33,2,1,0,84300.4,1
0.059459397,15677377,Lawrence,543,Spain,Male,37,3,0,2,1,1,78915.68,0
0.059502219,15781326,Ford,636,France,Male,35,9,95478.17,1,0,0,169286.74,0
0.059605413,15773260,Tsou,590,France,Female,32,0,127763.24,1,1,0,100717.54,0
0.059676808,15790235,Hsing,778,Spain,Male,40,8,104291.41,2,1,1,117507.11,0
0.059691502,15726494,Romani,481,France,Male,44,9,175303.06,1,1,0,65500.53,1
0.059738929,15635143,Fennescey,749,France,Male,42,2,56726.83,2,0,1,185543.35,0
0.059739113,15756975,Montemayor,777,Spain,Female,35,3,0,2,1,1,17257.72,0
0.05981051,15631359,Daluchi,489,France,Female,38,5,117289.92,1,0,0,85231.88,0
0.060042649,15683657,Stephenson,594,France,Female,31,0,79340.95,1,1,0,78255.86,0
0.060078711,15695475,Maclean,645,France,Male,29,1,130131.08,2,0,1,196474.35,0
0.060190285,15802478,Spring,767,Spain,Male,31,6,0,2,1,1,195668,0
0.060228798,15751943,Mai,529,Spain,Female,43,5,0,2,0,0,79476.63,0
0.060240132,15609545,Azubuike,548,France,Male,29,5,83442.98,1,0,1,177017.39,0
0.060364918,15761950,Woronoff,652,Germany,Female,45,9,110827.49,1,1,1,153383.54,1
0.060504065,15598086,Brown,624,France,Female,45,3,68639.57,1,1,0,168002.31,1
0.060508515,15808868,Nwokeocha,652,France,Female,31,3,103696.97,3,0,0,155221.05,1
0.060624983,15614215,Oguejiofor,717,France,Male,53,6,0,2,0,1,97614.87,0
0.060782915,15780628,Wu,633,France,Female,30,6,0,2,0,0,41642.29,0
0.060905413,15683544,Buccho,626,Spain,Male,62,3,0,1,1,1,65010.74,0
0.061081892,15612966,Milani,545,Germany,Female,60,7,128981.07,1,0,1,176924.21,1
0.061238916,15636388,Abrego,702,Germany,Female,23,7,98775.23,1,1,0,114603.96,0
0.061256676,15807340,O'Donnell,525,Germany,Male,33,4,131023.76,2,0,0,55072.93,0
0.061359668,15750602,Clendinnen,662,France,Male,29,5,147092.65,1,1,0,10928.3,0
0.061464177,15776558,Nicholls,673,France,Male,31,1,108345.22,1,0,1,38802.03,0
0.061650755,15683195,Ubanwa,719,France,Male,32,9,146605.27,1,1,1,77119.45,0
0.061747695,15660679,Chimaobim,653,Spain,Female,38,9,149571.94,1,1,0,118383.18,0
0.061871493,15578787,Goddard,641,France,Female,52,4,0,1,1,0,90964.54,1
0.061944358,15801904,Heard,677,Germany,Male,28,0,143988,2,1,0,8755.69,1
0.061997419,15807163,Ku,537,France,Female,38,10,0,1,0,0,52337.97,1
0.06231892,15774098,Grant,701,Germany,Male,38,3,125385.49,2,0,1,52044.66,0
0.062355101,15575119,Hughes,779,France,Male,71,3,0,2,1,1,146895.36,1
0.062471558,15735346,Wallace,527,Germany,Female,41,10,136733.24,1,1,1,57589.29,0
0.062520853,15580623,Yefremova,573,Spain,Male,28,8,0,2,0,0,77660.03,0
0.062619756,15736327,Manna,567,Germany,Female,46,1,68238.51,2,1,1,109572.58,0
0.062701532,15810878,Baker,537,Spain,Female,38,6,141786.78,1,0,1,147797.54,0
0.062703957,15626491,Hughes,655,France,Female,45,7,57327.04,1,0,1,47349,0
0.062770828,15593959,Travis,524,France,Male,28,1,93577.3,1,1,1,51670.82,0
0.062780917,15624471,Chikwado,850,France,Male,37,6,0,2,1,0,109291.22,0
0.062783997,15596811,Mitchell,667,France,Male,36,8,139753.35,1,1,0,79871.16,0
0.062835991,15643378,Muir,744,France,Male,42,1,112419.92,1,1,1,83022.92,0
0.062881476,15631451,Grant,604,Spain,Female,28,6,0,2,1,1,69056.26,0
0.062892964,15711062,Thomas,633,Germany,Male,40,5,86172.81,2,1,1,117279.49,0
0.063047355,15574558,Gunter,718,Spain,Male,32,8,0,2,1,1,41399.33,0
0.063057138,15766734,Castiglione,430,France,Male,31,5,0,1,1,0,95655.16,0
0.063093449,15807481,Peng,577,France,Female,46,1,0,1,1,1,158750.53,0
0.063171573,15713845,Merrett,688,France,Male,38,7,148045.68,1,1,0,175479.92,1
0.063266326,15752838,Lucas,723,Spain,Male,38,6,0,2,1,1,94415.6,0
0.063587428,15734737,Bruno,744,France,Male,56,9,0,2,1,1,169498.61,0
0.063762771,15625819,Arnold,625,France,Female,38,7,0,1,1,0,164804.02,0
0.063770916,15667215,Chandler,678,France,Male,31,2,0,2,1,1,58803.28,0
0.063828189,15656613,McGregor,646,France,Female,34,3,131283.11,1,0,0,130500.65,0
0.063854913,15641675,Kirillova,611,France,Female,49,2,88915.37,3,0,0,161435.02,1
0.063961851,15735572,Lawrence,629,France,Male,59,9,113657.83,1,1,1,116848.79,1
0.064006355,15634896,Grant,521,France,Female,39,6,0,2,0,1,27375.15,0
0.064021196,15745083,Lei,613,Germany,Male,59,8,91415.76,1,0,0,27965,1
0.064149799,15642726,Holmes,611,France,Male,53,3,83568.26,1,0,0,1235.49,0
0.064168117,15628715,Kisch,709,France,Female,36,8,0,2,1,1,69676.55,0
0.064322039,15576714,Manna,687,Spain,Female,21,8,0,2,1,1,154767.34,0
0.064406962,15675585,Burns,416,Germany,Female,25,0,97738.97,2,1,1,160523.33,0
0.064408629,15741403,Amechi,698,Spain,Female,38,1,171848.38,1,0,0,16957.45,0
0.064577925,15701096,De Garis,778,France,Male,44,8,123863.64,1,1,0,144494.94,0
0.064628014,15704340,Fu,581,France,Female,37,10,104255.03,1,1,0,86609.37,0
0.064766603,15615624,De Salis,605,France,Female,28,6,0,2,0,0,159508.52,0
0.065012729,15713043,Siciliani,691,France,Female,33,6,0,2,1,1,100408.31,0
0.065095453,15656062,Azikiwe,637,France,Female,33,7,103377.81,1,1,0,84419.78,0
0.065159593,15730339,Bell,670,Spain,Male,30,3,133446.34,1,0,0,3154.95,0
0.065167246,15647292,Peng,697,France,Male,63,7,148368.02,1,0,0,118862.08,1
0.065193769,15720354,Knowles,581,France,Male,71,4,0,2,1,1,197562.08,0
0.065240722,15802593,Little,504,France,Female,49,7,0,3,0,1,87822.14,1
0.065275013,15585892,Zakharov,639,France,Female,35,8,0,1,0,0,164453.98,0
0.065375695,15627000,Freeman,610,France,Male,40,0,0,2,1,0,62232.6,0
0.065571473,15643496,Randolph,730,France,Female,34,5,74197.38,2,1,0,96875.52,0
0.06595158,15743007,Seabrook,643,France,Female,45,4,45144.43,1,1,0,60917.24,1
0.066024584,15672894,McCawley,625,France,Female,36,8,129944.39,2,0,0,198914.8,0
0.066033684,15759067,Bromby,537,Germany,Female,37,7,158411.95,4,1,1,117690.58,1
0.066036534,15637788,Schmidt,743,France,Male,23,3,110203.77,1,1,0,95583.45,0
0.066050789,15597945,Dellucci,636,Spain,Female,32,8,0,2,1,0,138555.46,0
0.066064771,15731781,Onyemachukwu,551,France,Male,43,7,0,2,1,0,178393.68,0
0.066073311,15625592,Sal,486,France,Male,26,2,0,2,1,1,31399.4,0
0.066208488,15796957,Iadanza,597,Spain,Male,35,9,0,3,0,1,73181.39,1
0.066706851,15610426,Tien,764,France,Female,39,5,81042.42,1,0,1,109805.17,0
0.066784509,15734765,Mahmood,739,France,Female,20,4,133800.98,1,0,1,150245.81,0
0.066846716,15688251,Mamelu,767,France,Male,43,1,76408.85,2,1,0,77837.63,0
0.066888481,15594409,Belov,710,France,Male,45,1,0,2,1,1,36154.66,0
0.066916519,15769499,Lampungmeiua,545,Spain,Female,74,3,0,2,1,1,161326.73,0
0.066924811,15752097,Chiazagomekpere,708,Spain,Male,38,8,99640.89,1,1,0,12429.22,0
0.066985428,15762882,Manna,577,Germany,Female,31,4,61211.18,1,1,1,145250.43,0
0.067005635,15616213,Levy,555,Germany,Female,51,9,138214.5,1,1,0,198715.27,1
0.067258692,15746258,Wright,622,France,Male,29,7,101486.96,1,1,1,8788.35,0
0.067325513,15631267,Lu,641,France,Male,50,6,153590.73,2,1,1,130910.78,0
0.067398702,15582016,Fiorentini,766,Spain,Male,41,6,99208.46,2,1,0,62402.38,0
0.067487805,15662501,Ebelechukwu,583,France,Male,48,3,91246.53,1,1,0,60017.46,1
0.067533224,15794171,Lombardo,475,France,Female,45,0,134264.04,1,1,0,27822.99,1
0.067623859,15581280,Atkinson,714,Germany,Male,29,6,92887.13,1,1,1,69578.49,0
0.067653037,15802256,Yao,439,France,Male,28,7,110976.23,2,1,0,138526.96,0
0.067678384,15737267,Marcelo,676,France,Female,49,1,0,1,1,0,79342.31,1
0.067734374,15670552,Peavy,560,France,Female,31,3,115141.18,1,1,0,39806.75,0
0.068055664,15717643,Band,728,France,Female,34,6,90425.15,2,1,1,11597.69,0
0.068089634,15730540,Simpson,794,Spain,Male,45,8,88656.37,2,1,0,116547.31,0
0.068127966,15663625,Johnson,501,France,Male,37,4,0,2,0,0,12470.3,0
0.068282712,15750921,Monds,521,France,Male,37,5,105843.26,2,1,1,84908.2,0
0.068530292,15811978,Trevisani,693,Germany,Male,46,2,104763.41,1,1,1,62368.33,0
0.068563765,15665438,Hs?,669,France,Male,43,1,163159.85,1,0,1,15602.8,0
0.06903163,15585839,Niu,633,France,Male,37,2,0,2,1,0,182258.17,0
0.069145357,15640268,Avdeeva,652,Spain,Male,71,4,0,1,1,1,120107.1,0
0.069194459,15783444,Endrizzi,788,France,Female,39,3,135139.33,1,0,1,113086.08,0
0.069228044,15658169,Cook,778,Spain,Female,47,6,127299.34,2,1,0,124694.99,0
0.069241088,15577751,Pisano,759,Germany,Male,30,4,101802.67,1,0,0,8693.8,0
0.069344626,15622478,Greaves,698,France,Female,40,7,105061.74,3,1,0,107815.31,1
0.069346758,15652169,Buckley,642,France,Male,35,2,133161.95,1,0,1,122254.86,0
0.069654903,15719541,Flannagan,675,Spain,Male,31,2,90826.27,2,1,0,60270.87,0
0.069668459,15814553,Ball,559,France,Female,34,5,68999.66,2,1,1,66879.27,0
0.069690615,15605447,Palermo,752,France,Male,49,2,78653.84,1,1,0,7698.6,0
0.069707266,15725036,Jideofor,709,France,Male,42,9,118546.71,1,0,1,77142.85,0
0.069980632,15654457,Cross,685,Spain,Female,30,2,0,3,1,1,172576.43,1
0.070037781,15587443,Akudinobi,728,France,Female,69,1,0,2,1,1,131804.86,0
0.070139103,15587735,Chukwuebuka,850,France,Male,39,6,96863.13,1,1,1,121681.19,0
0.070154425,15720155,Tao,630,Germany,Male,29,6,131354.39,1,0,1,9324.31,1
0.070272087,15602735,Kuo,692,Germany,Male,45,6,152296.83,4,0,1,108040.86,1
0.070316991,15631070,Gerasimova,667,Germany,Male,55,9,154393.43,1,1,1,137674.96,1
0.070322526,15792607,Little,769,France,Female,38,2,0,2,0,0,75578.67,0
0.070354918,15791674,Sutherland,846,France,Female,34,10,142388.61,2,0,1,68393.64,1
0.070447391,15595937,Bruno,430,Germany,Male,36,1,138992.48,2,0,0,122373.42,0
0.070504132,15720745,Murray,635,Spain,Male,24,4,140197.18,1,1,1,142935.83,0
0.070887788,15589975,Maclean,646,France,Female,73,6,97259.25,1,0,1,104719.66,0
0.070956411,15723818,Carpenter,453,France,Female,37,4,131834.76,2,1,0,8949.2,0
0.071111146,15772573,Simpson,735,Spain,Male,55,2,103176.62,1,0,1,163516.16,0
0.071222923,15747558,Bryant,729,Spain,Female,38,10,0,2,1,0,189727.12,0
0.071461739,15688713,McCall,627,Spain,Male,44,6,0,1,1,1,114469.55,0
0.07157514,15570326,Wilkins,621,France,Male,34,6,0,2,1,1,99128.13,0
0.071638285,15651093,Chien,707,France,Female,55,1,0,2,0,1,54409.48,0
0.071781834,15708139,Brown,575,France,Female,40,1,139532.34,1,1,0,181294.39,0
0.071865621,15627377,Sabbatini,593,France,Male,41,6,0,2,1,1,99136.49,0
0.07190476,15581551,Yobachukwu,850,Spain,Male,41,8,132838.07,1,1,1,175347.28,0
0.071909338,15573893,Barry,569,Germany,Male,25,9,173459.45,2,1,1,44381.06,0
0.071926959,15680303,Gibson,594,France,Male,57,6,0,1,1,0,19376.56,1
0.072118825,15600911,Mbadiwe,712,France,Male,33,2,182888.08,1,1,0,3061,0
0.07225331,15613048,Anderson,648,Germany,Female,40,5,139973.65,1,1,1,667.66,1
0.072278592,15610686,Melton,850,France,Male,63,8,169832.57,1,0,0,184107.26,1
0.07231469,15774936,Liang,543,Germany,Male,41,6,143350.41,1,1,1,192070.16,1
0.07236553,15790019,Onwughara,520,France,Male,35,9,105387.89,1,1,1,25059.06,0
0.072388662,15572073,Yao,663,Spain,Male,35,5,0,2,1,1,62634.94,0
0.072394845,15606003,Abramowitz,566,France,Female,21,3,0,2,1,1,3626.47,0
0.072416663,15651022,Yost,480,Germany,Male,44,10,129608.57,1,1,0,5472.7,1
0.072441519,15665110,Helena,515,France,Female,25,7,79543.59,1,0,1,38772.82,0
0.072479876,15763274,Wu,661,France,Male,48,3,120320.54,1,0,0,96463.25,0
0.072546261,15616529,Hsieh,613,Spain,Male,34,3,0,1,1,1,41724.72,0
0.072917579,15790324,Green,660,France,Female,20,6,167685.56,1,1,0,57929.9,0
0.072948709,15688172,Tai,677,Spain,Male,40,5,0,2,1,0,88947.56,0
0.073110515,15572398,Townsend,614,Spain,Female,39,6,0,2,1,1,164018.98,0
0.073211022,15619045,Baxter,776,France,Female,43,4,0,2,0,1,162137.5,0
0.073421625,15794204,Manna,687,France,Male,28,7,108116.66,1,1,1,27411.19,0
0.073502107,15802585,Pisani,634,France,Female,41,8,68213.99,1,1,1,6382.46,0
0.073581659,15619130,Simpson,752,Germany,Female,37,5,113291.05,2,1,1,132467.54,0
0.073628671,15612494,Panicucci,359,France,Female,44,6,128747.69,1,1,0,146955.71,1
0.073833904,15662626,Feng,666,France,Female,40,2,0,2,0,0,36371.27,0
0.073894493,15645496,Seleznyova,648,France,Female,43,7,139972.18,1,1,0,143668.58,0
0.073905362,15683560,Gallo,642,France,Female,40,7,0,2,1,0,183963.34,0
0.073921249,15600027,Meng,579,Spain,Male,33,1,0,2,1,1,54816.57,0
0.074013499,15695103,Carr,790,Spain,Male,37,6,0,2,1,1,119484.01,0
0.074067815,15669606,Chu,690,France,Male,33,5,0,2,1,0,138017.68,0
0.074208964,15736274,Prokhorova,751,France,Male,31,8,0,2,0,0,17550.49,0
0.074254933,15815530,Chin,612,France,Female,42,10,75497.51,1,0,0,149682.78,0
0.074276979,15763029,Ch'iu,612,Germany,Male,46,9,161450.03,1,1,1,96961,1
0.074349603,15806709,Hao,609,Germany,Male,33,6,94126.67,1,0,0,93718.16,0
0.074406408,15689786,Massie,850,Germany,Male,56,1,169743.83,1,0,0,155850.4,1
0.074451124,15669516,Steele,746,Spain,Male,36,2,0,2,1,1,16436.56,0
0.074507317,15777994,Woods,718,France,Female,39,3,0,2,1,1,145355.11,0
0.074552513,15646372,Outhwaite,616,France,Female,66,1,135842.41,1,1,0,183840.51,1
0.074685748,15713774,Chikwendu,644,Spain,Female,46,6,12459.19,1,0,0,156787.34,1
0.074730416,15792986,T'ao,580,Germany,Male,24,1,133811.78,1,1,0,17185.95,1
0.074800439,15655774,Booth,583,France,Male,27,7,0,2,1,0,51285.49,0
0.074897875,15579074,Obiajulu,619,Germany,Male,38,10,84651.79,1,1,1,184754.26,0
0.075014423,15774127,Potter,518,France,Male,46,3,0,2,1,0,76515.79,0
0.075153976,15593973,Wilkie,663,Spain,Female,33,8,122528.18,1,1,0,196260.3,0
0.075165726,15592925,Giordano,711,Spain,Male,42,3,177626.77,3,0,1,16392.72,1
0.075203639,15719856,Lamb,646,France,Female,45,3,47134.75,1,1,1,57236.44,0
0.075297671,15663386,Tuan,597,Spain,Female,26,7,0,2,1,0,110253.2,0
0.075337443,15712813,Nevzorova,520,Germany,Male,43,3,150805.17,3,0,1,25333.03,1
0.075354991,15569572,Sopuluchi,778,France,Male,42,6,0,2,1,1,106197.44,0
0.075388571,15788448,Watson,490,Spain,Male,31,3,145260.23,1,0,1,114066.77,0
0.075488488,15688612,Campos,850,France,Male,33,7,140956.99,1,0,0,3510.18,0
0.075497069,15739438,Reed,539,France,Male,30,0,0,2,1,0,160979.66,0
0.075502053,15669262,Maslov,765,France,Male,43,9,157960.49,2,0,0,136602.8,0
0.075584496,15780909,Caffyn,769,Germany,Male,34,7,115101.5,1,0,0,57841.89,1
0.075706493,15813917,Kirk,653,Germany,Male,31,9,143321.97,1,1,0,83679.46,0
0.075818779,15737169,Johnson,642,Spain,Male,26,8,144238.7,1,1,1,184399.76,0
0.076003339,15593425,Bracewell,662,Spain,Female,54,1,187997.15,1,0,0,111442.71,1
0.076310046,15808851,Bufkin,511,Germany,Female,75,9,105609.17,1,0,1,105425.18,0
0.076439075,15645744,Chukwudi,826,France,Female,30,5,0,2,0,1,157397.57,0
0.076454779,15607176,Kang,674,France,Male,22,3,0,1,1,1,173940.59,0
0.076591075,15572408,Chambers,714,Germany,Male,39,3,149887.49,2,1,0,63846.36,0
0.076681478,15717046,Wentworth-Shields,741,Spain,Male,53,3,0,2,1,1,38913.68,0
0.076771315,15750181,Sanderson,553,Germany,Male,41,9,110112.54,2,0,0,81898.81,0
0.076872413,15710397,Lin,584,France,Male,26,4,0,2,1,0,147600.54,0
0.076899285,15728005,Urban,698,France,Female,57,9,111359.55,2,1,0,105715.01,0
0.077266314,15617982,Pirozzi,661,Spain,Female,42,3,0,2,1,0,35989.41,0
0.077290652,15737385,Curtis,800,Spain,Female,46,6,0,2,1,0,171928.04,0
0.077390681,15634772,Mario,682,Spain,Female,59,0,122661.39,1,0,1,84803.76,0
0.07739938,15801994,Buccho,775,France,Male,31,9,0,2,1,0,169278.51,0
0.077809905,15705735,Onyekachi,577,Spain,Male,43,3,0,2,1,1,135008.92,0
0.077826856,15690231,K'ung,612,Spain,Female,62,0,167026.61,2,1,1,192892.05,0
0.077919911,15767598,Kent,540,Spain,Male,28,8,0,2,0,0,197588.32,0
0.078265062,15601787,Greco,641,Germany,Male,35,2,103711.56,1,0,1,192464.21,1
0.078291649,15719779,May,645,Germany,Male,25,1,157404.02,2,1,0,93073.04,0
0.078380402,15595010,Huang,694,Spain,Female,39,9,0,2,0,0,99924.04,0
0.078467226,15711521,Egobudike,609,France,Male,39,3,121778.71,1,1,1,138399.67,0
0.078564302,15698758,Onwuamaegbu,630,Spain,Female,31,1,0,2,1,1,169802.73,0
0.078585242,15653347,Chiu,560,Spain,Male,47,1,0,1,0,0,128882.66,1
0.078708001,15767474,Lorenzo,481,France,Female,57,9,0,3,1,1,169719.35,1
0.078831937,15582090,Iroawuchi,684,Spain,Female,36,4,0,1,1,0,117038.96,0
0.07886689,15699195,Shen,709,France,Female,24,3,110949.41,1,1,1,168515.61,0
0.079129987,15614878,Yeh,660,Germany,Female,29,6,180520.29,1,1,1,123850.58,0
0.079411566,15641250,Calabresi,794,Spain,Male,38,9,179581.31,1,1,0,23596.24,0
0.079591037,15806027,Niu,556,France,Female,52,9,0,1,1,0,175149.2,1
0.079664871,15705506,Perry,751,Spain,Male,38,7,0,2,0,0,90839.61,0
0.080191517,15703614,Hutchinson,564,Spain,Male,48,5,132876.23,1,1,0,79259.77,0
0.080229953,15731148,Isayeva,558,France,Male,33,0,108477.49,1,1,1,109096.71,1
0.080274916,15781802,Abramov,755,France,Male,41,6,104817.41,1,1,0,126013.58,1
0.080358075,15725639,Ignatyev,793,France,Female,63,9,116270.72,1,1,1,184243.25,0
0.080493812,15577170,Manfrin,532,France,Male,60,5,76705.87,2,0,1,13889.73,0
0.080535525,15732102,Darling,656,Germany,Female,27,3,150905.03,2,1,0,16998.72,0
0.080550499,15739248,Lin,727,France,Male,52,4,0,2,1,1,118429.02,0
0.080624792,15641629,P'eng,537,Spain,Female,38,1,0,2,0,1,41233.97,0
0.080877777,15746986,Howe,850,Germany,Female,40,4,97990.49,2,0,0,106691.02,0
0.081153488,15716041,Chinomso,622,Spain,Male,39,9,0,2,0,1,100862.36,0
0.081256751,15735221,Sousa,697,France,Female,42,10,0,2,1,0,61312.15,0
0.081315788,15645103,Su,812,Germany,Male,25,5,54817.55,1,1,0,131660.31,0
0.081372804,15721487,Pirogova,739,France,Female,27,6,0,1,1,1,57572.38,0
0.081459618,15768124,Liu,648,France,Female,34,3,0,1,1,0,54726.43,0
0.081604334,15601977,Burgoyne,497,Spain,Male,44,2,121250.04,1,0,1,79691.4,0
0.081625702,15704231,Barrett,430,France,Female,33,8,0,1,1,1,69759.91,0
0.081934493,15691457,Boyle,674,Spain,Male,36,2,0,2,1,1,182787.17,0
0.081998206,15645717,Avdeeva,732,France,Male,62,2,0,2,1,1,25438.87,0
0.082134978,15680666,Berry,579,Spain,Female,39,2,151963.26,2,1,0,158948.63,0
0.082143328,15682890,Woronoff,745,Germany,Male,38,5,65095.41,2,1,1,140197.42,0
0.082281486,15725679,Hsia,531,France,Female,47,6,0,1,0,0,194998.34,1
0.082285074,15619514,Bull,507,Germany,Male,40,3,120105.43,1,1,0,92075.01,1
0.082576186,15813894,Bogle,620,Spain,Male,21,9,0,2,0,0,154882.79,0
0.082611321,15675252,Martin,734,Spain,Female,39,3,92636.96,2,1,1,125671.29,0
0.0826312,15658067,Walker,636,Germany,Female,48,3,120568.41,1,1,0,190160.04,1
0.0826748,15772423,Liao,739,Germany,Male,54,8,126418.14,1,1,0,134420.75,1
0.082681862,15612087,Dike,671,France,Male,45,2,106376.85,1,0,1,158264.62,0
0.082781132,15716134,Russo,617,France,Male,40,5,190008.32,2,1,1,107047.92,0
0.082848823,15629551,Cattaneo,615,Germany,Female,44,9,126104.98,2,0,1,110718.02,0
0.082885768,15687491,Nkemdilim,817,Germany,Male,45,9,101207.75,1,0,0,88211.12,1
0.082954626,15616550,Chidiebele,698,Germany,Male,44,10,116363.37,2,1,0,198059.16,0
0.082986315,15635776,Trevisani,686,Germany,Female,43,5,154846.24,2,1,1,151903.6,0
0.083014495,15747458,Folliero,677,Spain,Female,43,3,133214.88,2,1,1,95936.84,0
0.083031215,15723064,Kistler,603,Spain,Male,24,1,165149.13,2,1,0,21858.28,0
0.083046211,15808780,Tien,850,France,Female,34,2,0,2,0,0,51919.04,0
0.083091775,15796413,Green,794,France,Male,46,6,0,2,1,0,195325.74,0
0.083317116,15663421,Esposito,527,Spain,Male,28,6,128396.33,2,1,0,79919.97,0
0.083332447,15571756,Ohearn,724,France,Female,28,5,0,1,1,0,59351.68,0
0.083353097,15699389,Ch'ien,807,France,Male,42,7,118274.71,1,1,1,25885.72,0
0.083414865,15693322,Shaver,635,Germany,Female,37,9,146748.07,1,0,1,11407.58,0
0.083519626,15728012,Everett,678,Spain,Female,40,3,128398.38,1,1,0,168658.3,0
0.083536231,15807900,Chineze,575,France,Male,36,7,0,1,1,1,55868.97,1
0.083580956,15662263,Castillo,749,Germany,Male,22,4,94762.16,2,1,1,42241.54,0
0.083645311,15812611,Lorimer,690,Spain,Female,30,5,0,2,0,1,78700.03,0
0.08374231,15712551,Shen,622,Germany,Female,58,7,116922.25,1,1,0,120415.61,1
0.083962533,15591036,Genovesi,577,Germany,Female,43,3,127940.47,1,0,0,125140.72,1
0.084132198,15794187,Young,695,France,Male,36,6,114007.5,2,1,0,118120.88,0
0.084319856,15726490,Kirby,782,Spain,Male,52,4,0,1,1,1,52759.82,1
0.084336162,15787014,King,648,Germany,Female,28,8,90371.09,1,1,1,146851.73,0
0.08434384,15691104,Kennedy,460,Germany,Female,40,6,119507.58,2,1,0,91560.63,1
0.084402107,15756932,Caldwell,696,Spain,Female,36,7,0,2,1,1,82298.59,0
0.084458027,15596713,Christie,786,France,Male,37,7,165896.22,2,1,1,66977.68,0
0.08460727,15768881,Saunders,738,France,Male,29,2,0,2,1,1,170421.13,0
0.08480388,15714240,Ponomarev,712,Spain,Male,74,5,0,2,0,0,151425.82,0
0.084813251,15658211,Morrison,559,Spain,Female,39,2,0,2,1,1,121151.1,0
0.084989887,15764604,Sutherland,586,France,Female,35,7,164769.02,3,1,0,119814.25,1
0.084991681,15729246,Hardacre,847,Spain,Male,31,5,0,2,1,1,76326.67,0
0.085019298,15605037,Ting,818,France,Female,49,2,0,1,0,1,192298.84,1
0.085348114,15761763,Jamieson,845,France,Male,33,8,164385.53,1,1,0,150664.97,0
0.085370853,15813916,Kudryashova,622,France,Female,31,1,89688.94,1,1,1,152305.47,0
0.08540422,15669169,Hargreaves,775,Spain,Male,29,10,0,2,1,1,68143.93,0
0.085415433,15602034,Kolesnikov,697,France,Female,34,2,126558.92,1,1,0,73334.43,0
0.085454086,15683562,Allen,646,France,Male,35,6,84026.86,1,0,1,164255.69,0
0.085493478,15669326,Gordon,658,France,Male,44,2,168396.34,1,1,1,14178.73,0
0.085618188,15810732,Grant,730,France,Female,36,8,148749.29,2,1,0,91830.75,0
0.085883052,15603156,Elewechi,571,France,Female,33,1,0,2,1,0,102750.7,0
0.085889741,15749905,Carr,698,Spain,Female,47,6,0,1,1,0,50213.81,1
0.085916928,15743478,Johnson,659,Germany,Male,39,8,52106.33,2,1,1,107964.36,0
0.086151788,15767432,Ts'ai,711,France,Female,25,7,0,3,1,1,9679.28,0
0.086234005,15794895,McKay,581,Spain,Male,34,1,0,2,0,1,81175.25,0
0.086299398,15777907,Liang,791,France,Female,33,3,0,1,1,1,144413.92,1
0.086343931,15742009,Hsueh,489,Spain,Male,58,4,0,2,1,1,191419.32,0
0.086406452,15651460,Hsieh,424,Spain,Male,34,7,0,1,1,1,16250.61,0
0.086974098,15652700,Ritchie,539,France,Male,39,6,0,2,1,1,86767.48,0
0.087398424,15786800,Gould,723,Germany,Male,52,5,131694.97,1,0,1,92873.5,1
0.087405182,15585928,Hay,821,Germany,Female,31,2,68927.57,1,1,1,25445,0
0.087514264,15621205,Olisaemeka,578,France,Male,34,4,175111.11,1,1,1,74858.3,0
0.087562859,15645937,Guerin,790,Spain,Male,32,3,0,1,1,0,91044.47,0
0.087644505,15811565,Cocci,705,Spain,Female,47,3,63488.7,1,0,1,28640.92,1
0.087647647,15758451,Azuka,765,Germany,Male,37,7,102708.77,1,1,0,9087.81,0
0.087665008,15745433,Conti,716,Germany,Female,30,2,205770.78,2,0,0,65464.66,0
0.087738829,15721507,Pagan,713,France,Female,32,1,117094.02,1,0,0,149558.83,1
0.087758213,15719898,Young,556,France,Male,36,7,154872.08,2,1,1,32044.64,0
0.087800632,15680611,Rose,663,France,Male,67,9,0,3,1,1,72318.77,0
0.087892661,15656100,Candler,632,France,Female,49,5,167962.7,1,0,0,140201.21,0
0.087931418,15698028,Duncan,506,France,Female,41,1,0,2,1,0,31766.3,0
0.088371148,15757408,Lo,655,Spain,Male,38,3,250898.09,3,0,1,81054,1
0.088548708,15694456,Toscani,756,France,Male,62,3,0,1,1,1,11199.04,1
0.088715362,15675141,Fraser,569,France,Female,35,4,93934.63,1,1,0,184748.23,0
0.08874677,15669656,Macdonald,632,France,Male,32,6,111589.33,1,1,1,170382.99,0
0.088837869,15655298,Lewis,654,Spain,Female,54,5,0,2,0,1,47139.06,0
0.088883001,15577359,Bezrukov,767,Spain,Male,47,5,0,1,1,0,121964.46,1
0.08899553,15623972,Wisdom,479,Germany,Female,23,9,123575.51,1,0,1,95148.28,0
0.089179722,15622801,Brown,555,France,Female,27,8,102000.17,1,1,1,116757,0
0.089466656,15750839,Burns,649,Spain,Male,29,2,45022.23,1,1,1,173495.77,0
0.089747699,15615029,Munro,734,Spain,Male,39,6,0,1,1,1,95135.27,0
0.089814846,15626012,Obidimkpa,459,France,Male,26,4,149879.66,1,0,0,50016.17,0
0.090012251,15703037,Edwards,618,France,Male,37,5,0,1,0,1,178705.45,1
0.090097334,15594812,Campbell,806,Spain,Female,37,2,137794.18,2,0,1,75232.02,0
0.090180768,15589323,Law,636,France,Female,24,9,0,2,0,1,38830.72,0
0.090429132,15772650,Longo,732,France,Male,55,9,136576.02,1,0,1,3268.17,1
0.090594441,15701333,Blackburn,646,France,Female,37,7,96558.66,1,0,0,163427.18,0
0.090642026,15639662,Phillips,710,France,Male,38,2,0,2,1,0,96.27,0
0.090663674,15770091,Edwards,643,Germany,Male,28,9,160858.13,2,1,0,27149.27,0
0.091128428,15762048,Yuan,841,Germany,Female,33,7,154969.79,2,1,1,99505.75,0
0.091191343,15668747,Virgo,702,France,Female,46,9,98444.19,1,0,1,109563.28,0
0.091211603,15623082,Ch'ang,507,France,Female,35,2,0,2,1,0,97633.93,0
0.091289691,15790336,Tokareva,664,Germany,Male,36,6,71142.77,2,1,0,122433.09,0
0.091339563,15650670,Bateson,567,Germany,Female,40,2,105222.86,2,1,0,93795.86,0
0.091543048,15609070,Findlay,515,Germany,Male,45,7,120961.5,3,1,1,39288.11,1
0.091657513,15799790,Carter,763,France,Male,35,9,0,1,1,1,31372.91,0
0.091896657,15663441,Golibe,700,Germany,Female,40,4,148571.07,1,1,0,189826.96,1
0.092122393,15764237,Manfrin,663,Spain,Male,33,9,0,2,0,0,91514.62,0
0.092166051,15740356,Palmer,660,Germany,Male,26,4,115021.76,1,0,1,162443.05,0
0.092248053,15573456,Cunningham,648,Spain,Male,46,9,127209,2,1,0,77405.95,1
0.092541073,15792627,Reid,765,Spain,Female,33,5,84557.82,1,1,1,69039.43,0
0.092644342,15623062,Vasilyeva,660,Germany,Male,24,5,85089.3,1,1,1,71638,0
0.092785283,15756926,Atherton,833,Germany,Male,29,1,96462.25,2,0,1,48986.18,0
0.092868196,15810800,Ositadimma,673,Spain,Female,32,0,0,1,1,1,72873.33,0
0.092977428,15621440,Soto,694,France,Male,38,1,0,2,0,1,156858.2,0
0.093084785,15665159,Brooks,727,France,Male,61,0,128213.96,2,1,1,188729.08,1
0.093174503,15570908,Harding,687,Spain,Female,29,7,93617.07,1,0,1,113050.92,0
0.093356713,15626143,Talbot,695,France,Male,37,2,0,2,1,1,99692.65,0
0.093499635,15773071,Serena,780,Spain,Female,33,6,145580.61,1,1,1,154598.56,0
0.093528793,15589643,Ngozichukwuka,684,Spain,Female,41,7,0,1,1,1,138394.37,0
0.093623417,15689692,Walker,598,Germany,Male,19,3,150348.37,1,1,1,173784.04,0
0.093627427,15766166,Folliero,604,Spain,Male,43,2,145081.72,1,1,1,23881.62,0
0.09368185,15757015,Davies,783,Germany,Female,41,5,106640.5,1,1,0,176945.96,0
0.093685887,15702138,Swift,510,France,Female,22,3,156834.34,1,0,0,44374.44,0
0.093975643,15635396,Thompson,738,Germany,Female,29,9,139106.19,1,1,0,141872.05,1
0.09411489,15661198,Howard,727,Germany,Male,34,2,146407.11,1,1,1,72073.72,0
0.094163283,15691647,McGregor,411,France,Female,35,2,0,2,1,1,93825.78,0
0.094236226,15675888,Austin,550,Spain,Female,33,9,72788.03,1,1,1,103608.06,0
0.094265564,15632051,Douglas,550,Germany,Female,42,10,128707.31,1,1,0,63092.65,1
0.094558197,15812534,Chiemenam,455,France,Male,40,1,0,3,0,1,129975.34,0
0.094603144,15605134,Bond,617,France,Female,34,0,131244.65,2,1,0,183229.02,0
0.094615262,15812982,Francis,509,Spain,Male,38,2,0,1,0,0,168460.12,0
0.094749057,15645095,Huang,674,France,Female,28,3,0,1,1,0,51536.99,0
0.094758993,15585867,Rutledge,596,Spain,Male,36,2,0,2,0,1,125557.95,0
0.094772255,15675794,Hsing,645,Germany,Male,47,9,152076.93,1,1,0,121840.2,1
0.094809511,15640464,Parkes,605,France,Male,41,5,91612.91,1,1,1,28427.84,0
0.094898364,15724838,Moretti,599,France,Female,43,4,0,1,1,0,170347.1,0
0.094900246,15806327,Cyril,800,France,Female,40,3,75893.11,2,1,0,132562.23,0
0.094903785,15768746,McLean,561,France,Male,33,6,0,2,0,0,173680.39,0
0.094982366,15649033,Echezonachukwu,603,Germany,Female,55,7,127723.25,2,1,0,139469.11,1
0.095027329,15686974,Sergeyeva,751,France,Female,48,4,0,1,0,1,30165.06,1
0.09531382,15664615,Nnachetam,689,Germany,Female,30,5,136650.89,1,1,1,41865.72,1
0.09533364,15623196,Morley,686,France,Male,38,6,149238.97,1,1,1,97825.23,0
0.09546903,15660535,Avent,680,France,Female,47,5,0,2,1,1,179843.33,0
0.095624834,15728823,Sharwood,836,Spain,Female,37,10,0,2,1,0,111324.41,0
0.095629648,15662189,Durant,434,Spain,Male,33,3,0,1,1,1,2739.71,0
0.095675234,15651554,Anenechukwu,618,Germany,Female,54,4,118449.21,1,1,1,133573.29,1
0.095955358,15693264,Onyinyechukwuka,583,France,Female,29,10,0,2,1,1,111285.85,0
0.096031056,15718106,Kelley,625,France,Male,34,6,0,2,0,0,197283.2,0
0.096057248,15699523,Chu,499,Germany,Female,55,4,126817.65,2,1,0,123269.71,0
0.096131486,15790247,Sims,536,Spain,Male,40,9,0,2,1,1,11959.03,0
0.096232227,15671137,MacDonald,549,France,Female,52,1,0,1,0,1,8636.05,1
0.096245076,15609899,Obiora,548,Spain,Male,37,4,0,1,1,0,121763.68,0
0.096247461,15670866,Chiu,693,France,Male,31,2,0,2,1,1,107759.31,0
0.096327963,15717770,Marcelo,850,Spain,Female,55,7,0,1,0,0,171762.87,1
0.096340475,15575486,Okoli,529,France,Female,27,1,0,2,1,1,37769.98,0
0.096463873,15763218,Akeroyd,661,France,Female,41,1,0,2,0,1,131300.68,0
0.096513624,15790314,Onuoha,649,France,Male,41,0,0,2,0,1,130567.02,0
0.096936469,15666297,Abramova,706,Spain,Female,53,3,0,3,0,0,88479.02,1
0.096943226,15677871,Cocci,687,France,Male,38,9,122570.87,1,1,1,35608.88,0
0.097007817,15625623,Stevenson,567,France,Female,45,4,0,2,0,1,121053.19,0
0.097088198,15677939,Ch'eng,584,France,Female,41,3,0,2,1,1,160095.48,0
0.09710066,15753248,Tao,611,France,Male,28,2,0,2,0,0,25395.83,0
0.097295354,15763612,T'an,756,Germany,Male,41,2,124439.49,2,0,1,47093.11,0
0.097404616,15735358,Dowse,682,Spain,Male,46,4,0,1,1,1,4654.28,0
0.097491643,15746490,Wollstonecraft,648,Spain,Female,53,6,111201.41,1,1,1,121542.29,0
0.097812949,15701166,Chinedum,660,France,Male,40,5,131754.11,2,1,1,38761.61,0
0.09785163,15576683,Yin,568,Spain,Female,43,9,0,1,1,0,125870.79,1
0.097888667,15672216,Uvarov,584,France,Female,40,4,82441.75,1,0,0,80852.11,0
0.098063058,15708610,Costa,690,Germany,Male,44,9,100368.63,2,0,0,35342.33,0
0.098087141,15641794,Ridley,698,France,Male,33,5,135658.73,2,0,1,39755,0
0.098204227,15802857,Robson,659,Spain,Female,33,8,115409.6,1,0,1,1539.21,0
0.098380956,15656319,Toscano,850,Spain,Male,37,4,88141.1,1,1,0,109659.12,0
